,primary key,before,after
0,7,동호로 241,서울 중구 동호로 241
0,(사)전국경제인연합회,여의대로 24,서울 영등포구 여의대로 24
0,(유)유니북스,서울특별시 강남구 논현로 164(도곡동 514-2),
0,(재)우체국시설관리단,서울 광진구 강변역로 2,서울 광진구 강변역로 2
0,(재)원불교 서울교당,한강대로40가길 24 (한강로2가 55 ),
0,(재)천주교서울대교구유지재단,명동길 74(명동2가),
0,(주) 삼천리이엔지,동광로 78(방배동 810-2),
0,(주)솟대촌,,서울 성북구 개운사길 83-15
0,(주)KH바텍,반포대로 18(서초동 1451-51),
0,(주)LF,서울특별시 강남구 압구정로 230(신사동 617-3),
0,(주)SERVEONE) (주)서브원,필운대로 80(옥인동),
0,(주)가든파이브 라이프,충민로 66(문정동 516),
0,(주)단성사,돈화문로 26(묘동),
0,(주)대성엠지엠,서울특별시 동대문구 왕산로 128(용두동 787),
0,(주)대성엠지엠 (동의보감타워),왕산로 128(용두동 787),
0,(주)대윤기업,"영동대로96길 34(삼성동 170 ,대윤빌딩 )",
0,(주)대화파트너스,남부순환로1773(봉천동 893-12),
0,(주)대흥교통,양재대로 116-1(염곡동 300-2),
0,(주)더파이낸셜어드바이저리그룹,국제금융로 10(여의도동 23 ),
0,(주)동승에이치엠씨,서울 종로구 청계천로 279,서울 종로구 청계천로 279
0,(주)듀델코리아,서울 구로구 개봉로6길 12-5 KT개봉지사 4층,
0,(주)마스턴제이호위탁관리부동산㈜,새문안로5길 31(도렴동),
0,(주)메인개발(르미에르빌딩),청진동 166,
0,(주)보라매인베스트먼트,서울특별시 영등포구 신풍로 93(신길동 2363),
0,(주)비와이엔블랙야크,서울특별시 서초구 바우뫼로 201(양재동 5-6),
0,(주)삼일기업공사,서울특별시 강남구 테헤란로7길 21(역삼동 635-1),
0,(주)서브원GS타워,논현로 508(역삼동 679),
0,(주)성풍건설,서울특별시 강남구 (압구정동 479),
0,(주)수성엔지니어링,정의로8길 13,서울 송파구 정의로8길 13
0,(주)신안관광-리베라호텔시설,영동대로 737(청담동 53-7),
0,(주)에스앤아이코퍼레이션,서울특별시 강남구 논현로 508(역삼동 679),
0,(주)옵티멈,올림픽로35가길(신천동 7-12),
0,(주)이랜드NC강서점(6층 재무팀),강서로56길 17(NC강서점 ),
0,(주)청하고려인삼,"자하문로 280(부암동, 금박B/D)",
0,(주)케이브이지제2호기업부동산,남부순환로 2477(서초동 1424-2),
0,(주)케이씨씨,사평대로 344(서초동 1301-4),
0,(주)코람코가치부가형부동산제2의1호위탁관리자부동산투자회사,서울시 강남구 역삼동 826,서울 강남구 강남대로 374
0,(주)코람코더원강남제1호위탁관리부동산투자회사,서울특별시 서초구 강남대로 369(서초동 1328-3),
0,(주)코람코지속성장오피스제1의2호위탁관리자부동산투자회사,서울특별시 서초구 남부순환로 2620(양재동 11-149),
0,(주)코크렙양재위탁관리부동산,남부순환로 2620(양재동 11-149),
0,(주)코크렙제31호위탁관리부동산투자회사,강남대로 369(서초동 1328-3),
0,(주)태안모터스,서울특별시 강남구 논현로18길 9(개포동 1237),
0,(주)태영건설,서울특별시 동대문구 (장안동 291-1),
0,(주)튼튼영어,논현로 164(도곡동 514-2),
0,"(주)파크하비오, 파크하비오 오피스텔 관리사무소",송파대로 111(문정동 618),
0,(주)한국투자사모종로플레이스,창경궁로 120(인의동),
0,(주)한샘,성암로 179 (상암동),
0,(주)한화63시티,강남대로 311(서초동 1338-12),
0,(주)효성,"강남대로51길 10, (지하)7층 (서초동 1337-6)",
0,(주)효성 (마케팅팀),서울특별시 강남구 광평로 281(수서동 715),
0,(주)휴세코,테헤란로 117(역삼동 649-11),
0,(주롯데건설,서울특별시 서초구 (잠원동 27-2),
0,(학)일송학원강남성심병원,서울특별시 영등포구 시흥대로 665(대림동 964-10),
0,9BRICK HOTEL(호텔),홍익로5길 32,서울 마포구 홍익로5길 32
0,AK프라자,회현동1가 194-19,
0,aone청담빌딩,도산대로55길 48(청담동 83-2),
0,BAUHAUS,답십리로 288(장안동 368-1),
0,BK타워,법원로11길 28 (문정동 640-10) 키움건설(주) / BK타워,
0,CGV수유점,서울특별시 강북구 도봉로 399(수유동 168-12),
0,CJ개발주식회사,상암산로 66 (상암동),
0,CJ미래경영연구원,중구 동호로20 나길 16,
0,CORNER50,연무장11길 8(성수동2가),
0,DDMC,매봉산로 75,서울 마포구 매봉산로 75
0,GS한강에클라트,"이촌로 1 (한강로3가, GS한강에클라트)",
0,G밸리 더리브스마트타워 신축공사현장,가산디지털2로 36(가산동 327-5),
0,HDC현대산업개발,서울 용산구 한강대로23길 55 현대아이파크몰,서울 용산구 한강대로23길 55
0,IBK파이낸스타워,을지로2가 161-1,
0,IFC관리단,서울 영등포구 국제금융로 10,서울 영등포구 국제금융로 10
0,IT벤처타워,중대로 135,서울 송파구 중대로 135
0,JEI PLATZ(재능유통),가산디지털1로 186(가산동 459-11),
0,KBS미디어센타,매봉산로 45 (상암동),
0,KB국민은행,의사당대로 141(여의도동 45),
0,KCC엠파이어리버,양화로 26 (합정동),
0,KGIT센터관리단,월드컵북로 402 (상암동),
0,KING 프라자,마들로 11가길 16,서울 도봉구 마들로11가길 16
0,KMH사옥,고덕동 38-12,서울 강동구 고덕비즈밸리로6길 90
0,KOTRA,헌릉로 13(염곡동 300-9),
0,kt 신촌지사,동교동 157-1,
0,KTICC 목동센타,"목동동로 233-5, (목동)",
0,KT강북네트워크운영단,언주로 616(논현동 261-1),
0,KT노원지사,"노해로 502(상계6,7동 723)",
0,KT성수지점,광나루로 341,서울 광진구 광나루로 341
0,LG서초에클라트,반포대로14길 71(서초동 1599-2),
0,LG신도림자이,"새말로18길 64(구로동,LG신도림자이아파트)",
0,LG전자 가산 R&D 캠퍼스,가산디지털1로 51(가산동 327-23),
0,LG전자 가산A,디지털로10길 56(가산동 219-24),
0,LIG합정빌딩,양화로 19 (합정동),
0,M타워,장충단로 209,서울 중구 장충단로 209
0,SC MEDI TOWER,길동 412-10,서울 강동구 양재대로 1461
0,SG신성건설,저동2가 7-2,서울 중구 을지로12길 28
0,SK 라이프스타일 스테이션,천호대로 1221,서울 강동구 천호대로 1221
0,SK 이노베이션(주),"종로 26(서린동, SK 이노베이션(주) 총무팀)",
0,sk리더스뷰아파트,공덕동 385-52,
0,SK빌딩,중구 을지로 65,서울 중구 을지로 65
0,SK자하문주유소(세차장),"자하문로 246(SK자하문주유소,부암동155-3)",
0,SK허브수,구일로10길 27(구로동),
0,SW메디컬빌딩,진관동 69,서울 은평구 진관3로 20
0,SYO빌딩,방학동 676-21(방학로3길 6),
0,The-K Twin Towers,종로1길 50(중학동),
0,YTN 미디어센터,상암산로 76 (상암동),
0,가든파이브웍스,충민로 52(문정동 289),
0,가락동 농수산물도매시장(1~16호(가락시장현대화)),서울 송파구 양재대로 932,서울 송파구 양재대로 932
0,가산 더블유센터,가산디지털1로 181(가산동 371-106),
0,가산 아이에스비즈타워,가산디지털1로 75-24 (가산동 345-24),
0,가산 에스케이 브이원 센터,가산디지털1로 171(가산동 371-41),
0,가산2차 SK V1 AP tower 신축공사현장,가산동 673,서울 금천구 가산디지털1로 16
0,가산대명벨리온,가산디지털2로 127-33(가산동 776),
0,가산메트로지식산업센터 신축공사현장,가산로9길 80(가산동 60-29),
0,가산미소지움관리단,서부샛길 528(가산동 550-17),
0,가산센트럴푸르지오시티오피스텔,"디지털로10길 69(가산동 233-5, 가산센트럴푸르지오시티오피스텔)",
0,가양역더스카이밸리5차지식산업센터,화곡로 416,서울 강서구 화곡로 416
0,강남오피스텔대표,서초대로73길 40(서초동 1308-25),
0,강남중앙교회(조남수),석촌호수로 162(삼전동 111-16),
0,강변 SK VIEW,아차산로 431,서울 광진구 아차산로 431
0,강변한신코아,마포대로4다길 18,서울 마포구 마포대로4다길 18
0,강북노인요양원,삼양로92길 20(수유동),
0,강북삼성병원,새문안로 29,서울 종로구 새문안로 29
0,강북제일교회,도봉로 214(미아동),
0,개인주택,중앙본로 98(목동),
0,갤러리아 포레,왕십로로 85 (성수1가2동),
0,갤러리아 포레 상가,서울숲2길 32-14 (성수1가2동),
0,갤러리아 포레 아파트,서울숲2길 32-14 (성수1가2동),
0,갤러리아팰리스생활지원센타,올림픽로 212(잠실동 40),
0,거여2차쌍용아파트,오금로 512,서울 송파구 오금로 512
0,건국건설,방이동 39번지,서울 송파구 올림픽로34길 6
0,건국대학교 신공학관,능동로 120-1,서울 광진구 능동로 120-1
0,건국대학교병원,능동로 120-1,서울 광진구 능동로 120-1
0,건영백화점,섬밭로 258,서울 노원구 섬밭로 258
0,경남레이크파크오피스텔상가동대표회의,석촌호수로 268(송파동 32-1),
0,경동미르웰여의도오피스텔,버드나루로7길 3,서울 영등포구 버드나루로7길 3
0,경원선민자역사 신축공사(창동역),창4동 135,서울 도봉구 마들로11길 77
0,경희대 사회교육연구원(조인원),율곡로 110(권농동),
0,경희의료원,"경희대로 23(회기동 1 ,경희의료원 )",
0,고대구로병원,구로동로 148 (구로동),
0,고덕그라시움,고덕로 333,서울 강동구 고덕로 333
0,고덕센트럴푸르지오아파트,고덕로 399,서울 강동구 고덕로 399
0,고덕아르테온,고덕로 360,서울 강동구 고덕로 360
0,고덕역 갑을명가시티 오피스텔,동남로75길 27,서울 강동구 동남로75길 27
0,고도일,"강남대로 505(반포동 736-9 ,고도일병원 )",
0,고려대학교 최첨단융복합센터,고려대로 73,서울 성북구 고려대로 73
0,고려아카데미텔1,마포대로 196 (아현동),
0,곡예곤,서울특별시 강북구 도봉로 190(미아동 121-20),
0,골드시네마타워,동작대로 89,서울 동작구 동작대로 89
0,골든팰리스,"통일로16길 4-1(무악동, 골든팰리스)",
0,공덕빌딩,마포대로 119 (공덕동),
0,공덕푸르지오 시티오피스텔,마포대로 156 (공덕동),
0,공덕푸르지오시티오피스텔,마포대로 156 (공덕동),
0,공릉 삼익2차아파트,공릉로 34길 118(공릉2동 754),
0,공릉 신도1차아파트,동일로191가길 59(공릉1동 748),
0,공릉 한보아파트,공릉로 46길 19(공릉2동 743),
0,공릉8단지 청솔아파트,노원로 1가길 10,서울 노원구 노원로1가길 10
0,과기원L3연구동건설현장,화랑로14길 5,서울 성북구 화랑로14길 5
0,관리실,"서울특별시 강북구 한천로 1131(수유동 729 ,현대아파트 )",
0,관악 농산물 백화점,남부순환로1369(신림동),
0,관악IC통합집수정,"강남순환도로㈜ 금천영업소,신림로40",
0,관악구청,관악로145(봉천동 1570-1),
0,관악농업협동조합,신림동 1668-28,
0,광덕개발주식회사,화곡로18길 24(강서뉴타워 ),
0,광림교회,"압구정로22길 21(신사동 570-8 ,광림교회 )",
0,광석교회,왕산로26길 49(용두동 65-24),
0,광안빌딩,시흥대로578(신림동 1643),
0,광운학술정보관,광운로 20 광운대학교(월계1동 447-1),
0,광진아크로텔 관리지원센터,아차산로 355,서울 광진구 아차산로 355
0,광진아크로텔관리지원센터,아차산로 355,서울 광진구 아차산로 355
0,교보리얼코,노해로 467(상계6동 712-1),
0,교보리얼코(주),영등포로 96(당산동2가 21-26),
0,교보생명,동작대로 59,서울 동작구 동작대로 59
0,교보생명빌딩,신촌로 134 (노고산동),
0,교육관,(지하)서울특별시 강북구 도봉로 51-19(미아동 465-4),
0,교통안전공단 상암자동차검사소,구룡길 15 (상암동),
0,교통안전공단상암자동차검사소,구룡길 15 (상암동),
0,구로선경오피스텔,공원로 3 (구로동),서울 구로구 공원로6길 16-22
0,구의아크로리버,구의강변로 64,서울 광진구 구의강변로 64
0,국립중앙박물관,서빙고로 137 (용산동6가),
0,국립현대미술관,"삼청로 30(소격동,서울관 )",
0,국민은행 노원종합금융센터,상계동 731-5,서울 노원구 동일로 1405
0,국제방송,남부순환로 2351(서초동 1467-80),
0,국회의원회관,"의사당대로 1(여의도동 1 ,국회의원회관)",서울 영등포구 의사당대로 1
0,그랜드백화점,신촌로 94 (노고산동),
0,그랜드센트럴,남대문로5가 253,
0,그랜드힐 오피스텔,마장로9길 49-15,서울 중구 마장로9길 49-15
0,그랜드힐튼호텔,연희로 353(홍은동 201-1),
0,그레이스앤존,장한로23길 11-9(장안동 372-7),
0,근상프리즘팰리스,구일로8길 6 (구로동),
0,금융감독원,효자로 11(통의동),
0,금정우리가아파트,고덕로27길 7,서울 강동구 고덕로27길 7
0,금천 벤츠 서비스센터,시흥대로 169 (시흥동 987-9),
0,금천구청사,시흥대로73길 70(시흥동 1020),
0,금천롯데캐슬골드파크2차 상가,"벚꽃로 30(독산동 448-13 ,금천 롯데캐슬 골드파크2차 상가 )",
0,금천롯데캐슬골드파크2차아파트(관리사무소),"벚꽃로 30(독산동 448-13 ,금천 롯데캐슬 골드파크2차아파트 )",
0,금천롯데캐슬골드파크3차 상가관리단,"시흥대로 291(독산동 1155, 금천롯데캐슬골드파크3차상가)",
0,금천롯데캐슬골드파크3차아파트관리사무소,"시흥대로 291(독산동 1155, 금천롯데캐슬골드파크3차아파트)",
0,금천롯데타워,"벚꽃로 104(독산동 1005 ,롯데건설 건축현장 )",
0,금천리메인씨티,시흥대로 224,서울 금천구 시흥대로 224
0,금천엠타워관리실,시흥대로73길 63,
0,금호건설,한강대로23길 25(한강로3가) 금호건설,
0,금호프라자,상계로 5길 32,서울 노원구 상계로5길 32
0,기업은행,노해로 489,서울 노원구 노해로 489
0,길음서희스타힐스,동소문로 284(하월곡동 229),
0,김ㅇ,영중로 15(영등포동4가 442),
0,김ㅇㅇ,,서울 성북구 개운사길 83-15
0,김영배,,서울 성북구 개운사길 83-15
0,김진성 ㈜버티고,연세로 8-1(창천동 18-58),
0,꿈의숲 SK뷰 아파트,월계로42길 97 (월계1동 531),
0,나라키움 중부세무서,퇴계로 170,서울 중구 퇴계로 170
0,나이스인프라(주),은행로 17(여의도동 14-33),
0,나인트리호텔,초동 72-10,서울 중구 마른내로 28
0,남부빌딩관리단,신정4동 1009-6,서울 양천구 신월로 389
0,남산SK리더스뷰,퇴계로 72(회현동1가),
0,남현제1공영주차장,관악구 남현동1063-1,
0,네오트랜스㈜,"서초동 ,강남역환기구1번",
0,노고산동 복합시설 개발사업 신축공사,노고산동 56-74,서울 마포구 서강로 121
0,노블씨티,중계동 366-11,서울 노원구 한글비석로 276
0,노빌리안골드,노해로 452,서울 노원구 노해로 452
0,농심신대방사옥,여의대방로 112,서울 동작구 여의대방로 112
0,농협하나로마트,신촌로 66 (노고산동),
0,누리꿈스퀘어,월드컵북로 396 (상암동),
0,눈스퀘어,명동길 14,서울 중구 명동길 14
0,뉴티캐슬,가산디지털2로 108(가산동 429-1),
0,다모아빌딩,마들로 11가길 12,서울 도봉구 마들로11가길 12
0,다산건설엔지니어링㈜,논현로175길 101-4(신사동 525-12),
0,당산센트럴아이파크,서울특별시 영등포구 영신로 247(당산동5가 4-13),
0,당산역해링턴타워관리위원회,서울 영등포구 당산로 205,서울 영등포구 당산로 205
0,당인리 화력발전소 ㈜포스코건설,합정동 55-1,서울 마포구 토정로 56
0,당인리 화력발전소㈜포스코건설,합정동 55-1,서울 마포구 토정로 56
0,대덕프라자,노원로 1길 67,대구 북구 노원로1길 67
0,대동빌딩,방학로 177,서울 도봉구 방학로 177
0,대동아파트,창5동 811(도봉로642-30),
0,대륭테크노타운7차,서부샛길 638(가산동 489-11),
0,대림산업(주)광화문D타워,청진동 249,
0,대림아크로빌,목동서로 101(신정동),
0,대상건설(주),"미아동 811-2 ,종합체육센터(동서건설)",
0,대신빌딩,노원로 236,대구 북구 노원로 236
0,대신증권㈜,삼일대로 343,서울 중구 삼일대로 343
0,대우미래사랑,월드컵북로5나길 18(서교동),
0,대우월드마크용산,한강대로 211 (한강로1가 64 ),
0,대우유토피아오피스텔,올림픽로 336,서울 송파구 올림픽로 336
0,대우한강베네시티,올림픽로 664(천호동),
0,대표이사,서초대로 286(서초동 1573-1),
0,대한불교조계종불광사,백제고분로39길 35(석촌동 160-1),
0,대한예수교장로회 은혜 광성교회,구천면로31길 20 (천호동 399-21),
0,대한예수교장로회방주교회,"서울특별시 서초구 방배천로24길 8(방배동 425-2 ,방주교회 )",
0,대한예수교장로회총회,남부순환로 2221(방배동 490-1),
0,더 뮤지엄 한국증권금융,한남동 51-13,
0,더 스테이트 선유,서울특별시 영등포구 (양평동5가 62),
0,더루벤스밸리,가산디지털1로 1(가산동 691-3),
0,더리브세종타워II,아차산로 126 (성수동2가),
0,더스페이스성수,광나루로 144 (성수동1가),
0,더클래스효성,효령로55길 65(서초동 1597-7),
0,더클래스효성(주),서울특별시 서초구 효령로55길 65(서초동 1597-7),
0,더플레이스,시흥대로 164,서울 금천구 시흥대로 164
0,더하우스소호여의도관리단,서울 영등포구 의사당대로 26,서울 영등포구 의사당대로 26
0,더하우스소호여의도오피스텔,의사당대로 26,서울 영등포구 의사당대로 26
0,더효종합건설,서울 관악구 난곡로 331 신대방노블루체 301호,
0,덕수궁롯데캐슬,서소문로9길 28,서울 중구 서소문로9길 28
0,도드람통합사옥,고덕동 98-7,서울 강동구 고덕비즈밸리로2가길 20
0,도봉 새마을 금고,도당로134,서울 도봉구 도당로 134
0,도봉 힐스테이트 웰가,도봉로180나길 3,
0,도봉동 앰블램오피스텔,도봉동 62-1,서울 도봉구 도봉로180길 38
0,도봉새마을금고,도당로 134,서울 도봉구 도당로 134
0,도봉월드,마들로 650,서울 도봉구 마들로 650
0,도봉한양 수자인아파트,도봉2동657(마들로724),
0,도봉한양수자인아파트,도봉2동657(마들로724),
0,도원교통,정릉로10길 17,서울 성북구 정릉로10길 17
0,도충락 외 1명,서울특별시 서초구 (반포동 723-3),
0,동국제강(페럼타워),을지로5길 19(수하동),
0,동남공영㈜,남현동1063-1(남현소공원 지하공영주차장),
0,동대문구청장,천호대로 145(용두동 39-9),
0,동대문밀레오레,장충단로 263(을지로6가),
0,동대문와이즈캐슬,퇴계로 75길 7,서울 중구 퇴계로75길 7
0,동대문종합사회복지관,약령시로5길 22(제기동 220),
0,동대문패션TV,을지로 264(을지로6가),
0,동문비젼오피스텔,"목동서로 287, (신정동)",
0,동부흑석센트레빌,흑석한강로 12,서울 동작구 흑석한강로 12
0,동북선 1구역(금호건설),종암로 45,서울 성북구 종암로 45
0,동성아파트,모래내로3길 4 (성산동),
0,동아아파트 상가,"경인로 643 (신도림동, 동아아파트)",
0,동아일보사,충정로 29(충정로3가 139),
0,"동아일보사옥, 두산위브",성내천로 103(오금동 135),
0,"동우개발㈜, 엘루이시티",방이동 28-2,서울 송파구 올림픽로30길 9
0,동우리힐스,천호대로 380-7(용답동),
0,동우자인채스토리 상암 신축공사,월드컵로34길 20(성산동)지하5층,
0,동원건설산업(주),마방로 68(양재동 275),
0,동익엔지니어링,서초대로 301(서초동 1692-1),
0,동일방직(주),"테헤란로 516(대치동 944-1 ,정헌빌딩 )",
0,동작 상떼빌,신대방동 719,서울 동작구 신대방1가길 38
0,동천재활체육센터,노원로 18길 41,서울 노원구 노원로18길 41
0,두드림빌딩,월드컵로13길 34,서울 마포구 월드컵로13길 34
0,두산위브주택조합,상도로30길 40,서울 동작구 상도로30길 40
0,두산위브파크,광나루로 369,서울 광진구 광나루로 369
0,두산타워,장충단로 275(을지로6가),
0,듀오트리스,상봉로 131(상봉동),
0,드림리버오피스텔관리단,서울 영등포구 은행로 54,서울 영등포구 은행로 54
0,디에이치반포라클라스,서울 서초구 서초중앙로 206,서울 서초구 서초중앙로 206
0,디엘이앤씨 주식회사,서울 종로구 통일로 134 D타워돈의문,
0,디엠씨씨 프로젝트 금융투자 주식회사,상암산로 48-6 (상암동),
0,디오슈페리움(1단지),관악로164(봉천동 856-5),
0,디오슈페리움1단지,관악로164(봉천동 856-5),
0,디지털엠파이어,범안로 1130(가산동 685),
0,래미안대치팰리스2단지,삼성로51길 35(대치동 1027),
0,래미안로이파크,사당동 167-19,
0,래미안목동아델리체,중앙로43길 14,서울 양천구 중앙로43길 14
0,래미안서초유니빌,서초중앙로 26(서초동 1445-4),
0,래미안아트리치(석관2구역),돌곶이로8길 22,서울 성북구 돌곶이로8길 22
0,래미안장위퍼스트하이(장위5구역),장위동 173-114,
0,래미안포레카운티(장위1구역),장위동 144-24(장월로160),
0,램킨중흥S클래스,아차산로13길 16 (성수2가3동),
0,레미안1차,길음로9길 40,서울 성북구 길음로9길 40
0,렉스모터스,광나루로 228 (성수2가3동),
0,로템에스알에스(주),보라매로5길 44(신대방동 395-61),
0,롯데건설,서울특별시 동대문구 (전농동 620-42),
0,롯데건설(사당2구역재건축),사당동 181,서울 동작구 사당로 90
0,롯데건설(주),"독산동 1094 ,지하차도공사현장(강남순환4공구)",
0,롯데건설㈜,"벚꽃로 88(독산동 1005 ,롯데건설 건축현장 )",
0,"롯데물산㈜, 잠실제2롯데월드",올림픽로 300(신천동 29),
0,롯데백화점,도봉로 60(송중동),
0,롯데쇼핑(주)롯데마트 서울양평점,서울특별시 영등포구 선유로 138(양평동3가 45),
0,롯데쇼핑(주)롯데마트금천점,"시흥대로 291(독산동 1155, 금천롯데캐슬골드파크3차상가)",
0,롯데정보통신 아파트형공장,가산디지털2로 179(가산동 533-2),
0,롯데캐슬아르떼관리실,"서울특별시 서초구 방배천로18길 11(방배동 424-28 ,방배롯데캐슬아르떼 )",
0,롯데캐슬아이리스,소공로 35(회현동1가),
0,롯데캐슬피렌체상가,정릉천동로 58(용두동 790),
0,롯데케슬아르떼 관리실,방배천로18길 11(방배동 427-1),
0,르네상스쇼핑몰,신림로340(신림동1422-5),
0,르네상스쇼핑몰관리단,신림로340(신림동1422-5),
0,르피에드 in 강남신축공사현장,서초동 1321-7,
0,르피에드in강남,"서울특별시 서초구 (서초동 1321-7 ,르피에드인강남 )",
0,리드원 센터 관리사무소,양산로 91(당산동3가 550),
0,리마크빌,다산로 258,서울 중구 다산로 258
0,리마크빌영등포관리사무소,영중로 119(영등포동8가 35-1),
0,링커병원,백제고분로 436,서울 송파구 백제고분로 436
0,마곡대방디엠시티2차,마곡동로10길 23,서울 강서구 마곡동로10길 23
0,마에스트로 생활문화 지원실,남부순환로218길 1(봉천동 869-6),
0,마에스트로 캠퍼스타운,남부순환로1773(봉천동 893-12),
0,마젤란21,양화로 175 (동교동),
0,마포 래미안웰스트림,토정로18길 11,서울 마포구 토정로18길 11
0,마포세무서 신축공사,독막로 234(신수동) 지하4층,
0,마포웨스트리버 태영데시앙,창전동 449,경기 이천시 이섭대천로 1276
0,마포타워,마포대로4다길 41 (마포동),
0,마포트라팰리스,마포대로 53 (도화동),
0,마포프레스티지자이아파트,염리동 507,서울 마포구 대흥로24길 24
0,만리동 복합건축물 신축공사장,만리동1가 32-1,
0,매경미디어센터,퇴계로 190(필동1가),
0,맥스타일,중구 마장로 3,서울 중구 마장로 3
0,메가빌딩,노해로 459(상계6동 709-2),
0,메트로디오빌,백범로 199 (신공덕동),
0,멤버스빌오피스,가마산로 283,서울 구로구 가마산로 283
0,면목라온 프라이빗,동일로91길 23(면목동),
0,명동예술극장,명동길 35,서울 중구 명동길 35
0,명동타워,명동8길 27(명동2가),
0,명지대학교,거북골로 34(남가좌동 50-3),
0,명지빌드웰 오피스텔,양화로 58 (서교동),
0,명지빌드웰오피스텔,양화로 58 (서교동),
0,모노퍼스,청계천로 474 (하왕십리동),
0,모비우스 스퀘어,도봉로684,서울 도봉구 도봉로 684
0,모비우스스퀘어,도봉로 684,서울 도봉구 도봉로 684
0,목5동통합청사,목동서로 41(목동),
0,목동가든스위트,목동서로 65 (목동),
0,목동센트럴아이파크,서울 양천구 남부순환로83길 17,서울 양천구 남부순환로83길 17
0,목동센트럴위브,서울 양천구 남부순환로83길 17,서울 양천구 남부순환로83길 17
0,목동센트럴프라자,목동서로 349 (신정동),
0,목동센트럴프르지오,오목로 354(목동),
0,목동우림필유,"목동서로 295, (신정동)",
0,목동제이월드빌,"목동서로 291, (신정동)",
0,목동트라팰리스,서울 양천구 오목로 299,서울 양천구 오목로 299
0,목동트윈빌,"목동동로 339, (목동)",
0,목동파라곤오피스텔,목동서로 155 (목동 917-7),
0,무궁화빌딩,도봉로164길 43,서울 도봉구 도봉로164길 43
0,무신사,아차산로13길 11(성수동2가),
0,무신사 신사옥 신축공사,연무장길 83(성수동2가),
0,무학빌딩,고산자로 202(행당동),
0,문래SKV1센터관리운영위원회,서울 영등포구 선유로9길 10,서울 영등포구 선유로9길 10
0,문정 SKV1GL,"법원로 128(문정동 642-3, 문정지구1-2)",
0,문정대명벨리온 관리단,"문정동 641-3 ,4-3블럭 )",
0,문정에스케이브이원지,"법원로 128(문정동 642-3, 문정지구1-2) 문정에스케이브이원지",
0,문정오벨리스크,"송파대로 145 (문정동 652-2 ,문정지구8-2블록 ) (주)한화건설 / 문정오벨리스크",
0,문정파트너스관리사무소,법원로 90(문정동 651-15),
0,문정프라자((주)케이리얼티3호),중대로 80(문정동 150-2),
0,미래사랑,신정로13길 3 (신정동),
0,미래에셋생명,마포대로 163 (공덕동),
0,미래에셋센터원빌딩,을지로5길 26(수하동),
0,미래프라자,양화로 166 (동교동),
0,미켈란 호수가 관리단대표회의,석촌호수로 230(석촌동 158-5),
0,박성용,상도로47길 4,서울 동작구 상도로47길 4
0,방배디오빌,서초대로 17(방배동 866-20),
0,방배디오빌(2개),서초대로 17(방배동 866-20),
0,방사선융합연구센터,노원로 75 원자력의학원(공릉2동 215-4),
0,방주교회,방배동 425-2,서울 서초구 방배천로24길 8
0,배성네트웍스,양천로 476,서울 강서구 양천로 476
0,배일호,의사당대로 141(여의도동 45),
0,백상빌딩,신촌로 231(북아현동221-7),
0,백석대,서울특별시 서초구 (방배동 981-17),
0,백석대학교 믿음동,남부순환로 2221(방배동 490-1),
0,백석대학교(지하수),서울특별시 서초구 (방배동 1023-1),
0,백영성수센터,성수일로 56 (성수동2가),
0,벽산 디지털밸리6,가산디지털1로 219(가산동 481-4),
0,벽산미라지타워,"목동동로 385, (목동)",
0,벽산아파트6단지,"금하로 796(시흥동 1013-4 ,벽산아파트 )",
0,별정우체국연합회,마포대로 130 (공덕동),
0,보라매나산스위트(아스타IBS),보라매로5가길 24,서울 동작구 보라매로5가길 24
0,보문제2구역 주택재개발(보문2구역),보문로1가 60-2,
0,보미건설,상계6.7동 706-2,서울 노원구 상계로 32
0,보은종합건설㈜,수유동 45-2(공사장),
0,부라다리빙텔,자동차시장1길 73(용답동),
0,부영그린타운1,목동동로 393 (목동),
0,부영그린타운3,목6동 908-34,
0,북서울시립미술관,동일로 1238(중계2.3동 508),
0,북아현1-2구역조합,북아현로1길 50(북아현동174),
0,북한산코오롱하늘채아파트,우이천로 367,서울 도봉구 우이천로 367
0,브라다리빙텔,자동차시장1길 73 (용답동),
0,브라운스톤연희,연희로 82(연희동194-30),
0,블랙야크,바우뫼로 201(양재동 5-6),
0,블루스톤타워,연무장5길 9-16 (성수동2가),
0,비와이씨 하이시티,가산디지털1로 131(가산동 371-17),
0,사가정센트럴 아이파크,동일로92길 40(면목동),
0,사단법인 금융결제원 생활관,강남대로18길 15-16(양재동 243),
0,사단법인청권사,방배동 984-3,서울 서초구 효령로34길 4
0,사랑의교회,,서울 성북구 개운사길 83-15
0,사보이시티디엠씨관리단,월드컵북로54길 17,서울 마포구 월드컵북로54길 17
0,사운즈빌딩,대사관로 35,서울 용산구 대사관로 35
0,삼부르네상스플러스,시흥대로152길 11-43(독산동 953),
0,삼부토건,성산동,경남 창원시 성산구 공단로473번길 33
0,삼부프라자,한글비석로 242,서울 노원구 한글비석로 242
0,삼성SDS,월드컵북로60길 24,서울 마포구 월드컵북로60길 24
0,삼성SRA부동산투자신탁제4호,올림픽로35가길(신천동 7-13),
0,삼성금융캠퍼스,사임당로23길 27(서초동 1641-10),
0,삼성금융캠퍼스(2),서울특별시 서초구 사임당로23길 27(서초동 ),
0,삼성동센트럴아이파크,서울 강남구 삼성로 629,서울 강남구 삼성로 629
0,삼성물산(주),"서초대로74길 14, B동 (서초동 1321-20)",
0,삼성물산㈜,"서울특별시 서초구 서초대로74길 14, B동 (서초동)",
0,"삼성물산㈜, 헬리오시티","송파대로 345(가락동 479 ,가락시영아파트 ), 헬리오시티1~5권역",
0,삼성보라매옴니타워,보라매로5길 23,서울 동작구 보라매로5길 23
0,삼성생명,당산동4가 38-2,
0,삼성생명 일원동빌딩 신축공사(삼성중공업),일원로 121(일원본동 717),
0,삼성생명보험,서초대로74길 4(서초동 1321-15),
0,삼성생명보험주식회사,서울특별시 강남구 일원로 121(일원동 717),
0,삼성쉐르빌,무학로6길 50 (도선동)(3개동),
0,삼성쉐르빌1,"목동동로 189, (신정동)",서울 양천구 목동동로 189
0,삼성쉐르빌2,"목동동로 177, (신정동)",
0,삼성아파트1,백범로37길 12 (신공덕동),
0,삼성아파트2,만리재로 74 (신공덕동),
0,삼성엔지니어링㈜,상일로6길 26,서울 강동구 상일로6길 26
0,삼성전자,"서초대로74길 11, C동 (서초동 1320-10)",
0,삼성전자(주),우면동 262,
0,삼성전자㈜서울대연구소,봉천동 산4-1,서울 관악구 관악로 1
0,삼성홈플러스2173-8118,서울특별시 동대문구 천호대로 133(용두동 33-1),
0,삼성화재 번동사옥,도봉로 314(번동),
0,삼성화재 수유사옥,도봉로 314(번동),
0,삼성화재해상보험,서울특별시 영등포구 양평로 76(양평동4가 156-1),
0,삼원프라자,노해로 69길 17-9,
0,삼육대학교,공릉2동 26-21[삼육대 미래관],
0,삼익아파트1단지,"독산로50길 89(시흥동 5-13 ,삼익아파트 )",
0,삼일교회,원효로 89길 18-21,서울 용산구 원효로89길 18-21
0,삼진제약,마곡동 792,서울 강서구 마곡중앙10로 90
0,삼환프라자,도봉로 575,서울 도봉구 도봉로 575
0,삼희빌딩 독산변전소,시흥대로 429(독산1동 152-6),
0,상계역센트럴푸르지오아파트,수락산로 4길 17,
0,상도 두산 위브,상도동 529,
0,상도동 동원베네스트,상도동 528,서울 동작구 상도로34길 42
0,상도두산위브1차,상도로30길 39,서울 동작구 상도로30길 39
0,상도두산위브트레지움2차,상도로30길 40,서울 동작구 상도로30길 40
0,상도파크자이,장승배기로11가길 11,서울 동작구 장승배기로11가길 11
0,상암도시엔,월드컵로34길8,서울 마포구 월드컵로34길 8
0,상암두산위브 센티움,월드컵로36길 14 (성산동),
0,상암두산위브센티움,월드컵로36길 14 (성산동),
0,상암미르웰 한울림오피스텔,모래내로3길 11(성산동)지하5층,
0,상암미르웰한울림오피스텔,모래내로3길 11(성산동)지하5층,
0,상암이안아파텔2,월드컵로 204 (성산동),
0,상암푸르지오 오피스텔 신축공사,상암동 1596,서울 마포구 월드컵북로54길 25
0,상현교회,한글비석로 290,서울 노원구 한글비석로 290
0,새롬빌딩,서울특별시 강남구 (역삼동 683-36),
0,새마을금고복지회송파빌딩 -> 주식회사씨젠,오금로 81(방이동 22-3),
0,새한빌딩,굴레방로 11-1 (아현동),
0,생활지원센타(서초동),"서울특별시 서초구 서초중앙로 110(서초동, 생활지원센터)",
0,생활지원센터,,서울 성북구 개운사길 83-15
0,서강대국제학사건물,백범로 35 (신수동),
0,서교동 공유복합시설 개발사업 신축공사,서교동 460-25,서울 마포구 월드컵북로5길 41
0,서부티엔디,청파로20길 83외,
0,서부티엔디 승만호,청파로20길 83외,
0,서서울자동차산업,양천로53길 30,서울 강서구 양천로53길 30
0,서울과학관,한글비석로 160(하계1동 산11),
0,서울노보스 병원 신관,도봉로 755,서울 도봉구 도봉로 755
0,서울노보스병원,쌍문동 103-6,서울 도봉구 도봉로 445
0,서울대 교수아파트,관악로1(대학동),서울 관악구 관악로 1
0,서울대병원(외래암센터),"대학로 101(연건동 ,서울대학교병원 )",
0,서울대학교 (관정도서관),관악로1(대학동),서울 관악구 관악로 1
0,서울대학교 의과대학장,대학로 103(연건동),
0,서울대학교병원 의학연구혁신센터,대학로 71(연건동),
0,서울복합물류프로젝트금융투자(주),장지동 674,서울 송파구 송파대로 55
0,서울삼성아파트,마포대로 262 (아현동),
0,서울성모병원,반포대로 222(반포동 505),
0,서울성북미디어문화마루,길음로7길 20,서울 성북구 길음로7길 20
0,서울숲AK밸리지식산업센터,성수일로 99 (성수동1가),
0,서울숲A타워,상원1길 26 (성수1가2동),
0,서울숲ICT센터,성수일로10 (성수동1가),
0,서울숲ITCT센터,성수일로10 (성수동1가),
0,서울숲L타워,아차산로17 (성수1가2동),
0,서울숲M타워,뚝섬로1길 31 (성수동1가),
0,서울숲더？아파트 상가,왕십리로241 (행당동),
0,서울숲더샵주상복합아파트,왕십리로241 (행당동)(7개동),
0,서울숲에이원센터,상원12길 34 (성수동1가),
0,서울숲트리마제아파트(104동),왕십리로16 (성수1가1동),
0,서울숲포휴지식산업센터,왕십리로58 (성수1가동),
0,서울숲푸르지오,금호로15 (금호동4가)(22개동),
0,서울숲한라시그마밸리,성수이로 51(성수2가1동),
0,서울시 데이터센터,매봉산로 31,서울 마포구 매봉산로 31
0,서울시새활용플라자,자동차시장길49 (용답동),
0,서울시체육시설관리사업소,"올림픽로 25(잠실동 10 ,서울종합운동장 )",
0,서울아산병원(병원장),올림픽로43길 88(풍납동 388-1),
0,서울여자간호대학,간호대로 38(홍제동 287-89),
0,서울여자대학교 50주년 기념관,화랑로 621 서울여대(공릉2동 126),
0,서울역센트럴자이아파트,만리재로 175,서울 중구 만리재로 175
0,서울역한라비발디센트럴아파트,만리재로 177,서울 중구 만리재로 177
0,서울주택도시공사,거여동 61-4,
0,서울한방병원,법원로11길 32,서울 송파구 법원로11길 32
0,서진빌딩,삼학사로 42(석촌동 213-4),
0,서진빌딩(김원0),삼학사로 42(석촌동 213-4),
0,서초롯데캐슬메디치,서초중앙로 110(서초동 1656-4),
0,서초리슈빌S글로벌,양재대로2길 8(우면동 787),
0,서초무지개아파트주택재건축정비사업조합,서울 서초구 효령로74길 4 6층,
0,서초센트럴IPARK(지하수),"서울특별시 서초구 반포대로18길 36(서초동 1582-3 ,서초센트럴IPARK )",
0,서초아르누보씨티3관리단,서울특별시 서초구 서초대로 357(서초동 1680-1),
0,서초어반하이오피스텔,서초중앙로5길 10-7(서초동 1601-10),
0,서초오퓨런스빌딩,서초대로 254(서초동 1553-5),
0,서희스타힐스 오피스텔,가람길287 (용답동),
0,석암빌딩,퇴계로50길 32,서울 중구 퇴계로50길 32
0,석촌호수 효성해링턴타워,"석촌호수로 210(석촌동 24-3 ,석촌호수효성해링턴타워 )",
0,선유도코오롱운영위원회,서울 영등포구 양평로22길 21,서울 영등포구 양평로22길 21
0,섬광의료재단,봉은사로 156(역삼동 605),
0,성결교회강서교회,강서로 218,서울 강서구 강서로 218
0,성광의료재단,"서울특별시 강남구 (역삼동 605),지하",
0,성락교회,신도림로 56-24(신도림동),
0,성락교회 크리스천 리더센터,신도림로 51(신도림동),
0,성북구 재활용 집하장,한천로58길 293,서울 성북구 한천로58길 293
0,성북구청,보문로 168,서울 성북구 보문로 168
0,성북동 에스빌딩,성북로 68,대구 북구 성북로 68
0,성수 CF타워 신축공사,성수동2가 284-124,
0,성수e-BIZ센터,광나루로6길 35 (성수2가3동),
0,성수SKV1center Ⅱ,광나루로8길 31(성수동2가),
0,성수동 오피스 신축공사,연무장7길 15(성수동2가),
0,성수동SKV1센터1,성수동2가 280 (성수동2가),
0,성수생각공장데시앙플렉스,아차산로17길 49 (성수동2가),
0,성수역 현대테라스타워,연무장5가길 7 (성수동2가),
0,성수역SKV1센터,연무장5가길 25 (성수동2가),
0,성운빌딩,사평대로57길 51(반포동 735-26),
0,성원아파트,창4동 743-15 (마들로16길 56),
0,세계일보제작단 사옥(정희택),"서부샛길 534(가산동 550-15 ,(주)세계일보제작단 )",
0,세미콜론문래,문래로28길 25(문래동3가 55-18),
0,세방오피스텔,독막로 100 (상수동),
0,세아제강,한강대로15길 11(한강로3가 10-153),
0,세양청마루2차주상복합,"목동남로4길2,(신정7동 201-1)",
0,세양청마루아파트관리사무소,"목동남로2길 60-30, (신정동1306)",
0,세운푸르지오 헤리시티,인현동2가 151-1,
0,세움빌딩,마곡중앙6로 69,서울 강서구 마곡중앙6로 69
0,세정건설,신림동1644-3(청년주택 신축공사 현장),
0,세종앤까뮤스퀘어관리단협의회,서울 영등포구 양평로30길 14,서울 영등포구 양평로30길 14
0,세종투자개발㈜,충무로2가 61-1,서울 중구 퇴계로 147-9
0,센터포인트 명동 복합 건축물,남대문로2가 9-1,서울 중구 남대문로 84
0,센트럴시티,신반포로 176(반포동 19-3),
0,센트레빌335,신림동1433-6,
0,센트레빌335(동부건설),신림동1433-6,
0,센트로폴리스,우정국로 26,서울 종로구 우정국로 26
0,소금나루도서관,숭문길 72,서울 마포구 숭문길 72
0,소나무㈜,동호로38길 24(종로5가),
0,솔라티움씨티관리단,서울 서초구 강남대로53길 12,서울 서초구 강남대로53길 12
0,송파레미니스2단지관리사무소,동남로 341,서울 송파구 동남로 341
0,송파레미니스아파트,성내천로 6(오금동 616) 송파레미니스아파트,
0,송파아이파크,"법원로 55(문정동 624 ,송파 아이파크 )",
0,송파책박물관,송파대로 345(송파책박물관),
0,수유삼호 APT/프라자,도봉로 256(수유동),
0,수유역푸르지오시티,도봉로 290(미아동),
0,수유현대아파트,한천로 1131(수유동),
0,순영아파트,"가마산로 280(구로동, 구로2차순영웰라이빌)",
0,숭실대학교(정보과학관),사당로 50,서울 동작구 사당로 50
0,스카웃연맹,국회대로62길 14(여의도동 18-3),
0,스타시티영존,능동로 110,서울 광진구 능동로 110
0,스타피카소,양화로 176 (동교동),
0,스톤엘리시온 역삼,논현로 337(역삼동 790-9),
0,스페이스오피스텔,서강로 131 (노고산동),
0,승일타워2차,"신월로 164, (신월동)",
0,시그나타워,삼봉로 48,경기 평택시 삼봉로 48-18
0,시그니쳐타워,청계천로 100(수표동),
0,시립금천노인종합복지관,시흥대로51길 93-32(시흥동 558-1),
0,신길교회,영등포로67가길 9(신길동 63-3),
0,신길센트럴아이파크APT 입주자대표,서울특별시 영등포구 가마산로 426(신길동 347-50),
0,신당파인힐유보라아파트,왕십리로 407(신당동),
0,신도림1차푸르지오,경인로 661(신도림동),
0,신도림에스케이뷰,"경인로 638(신도림동,신도림에스케이뷰)",
0,신도림테크노마트,새말로 97(구로동),
0,신도림팰러티움,경인로 584(신도림동),
0,신동아 아파트,방학3동 272(방학로 193),
0,신동아아파트,한글비석로52길 54(상계5동 463),
0,신라교역 신사옥,고덕동 90-2,서울 강동구 고덕비즈밸리로6길 30
0,신라스테이,시흥대로 596,서울 동작구 시흥대로 596
0,신라스테이해링턴오피스텔,시흥대로 596,서울 동작구 시흥대로 596
0,신림경전철3공구 (서천건설 주식회사),신림동808-373 외 2개소 공사현장,
0,신림경전철3공구(삼호개발),봉천동985번지 외 5개소 공사현장,
0,신반포15재건축,반포동 12,
0,신반포자이아파트,"서울특별시 서초구 잠원로 60(잠원동 66 ,신반포자이아파트 )",
0,신세계인터네셔날,,서울 성북구 개운사길 83-15
0,신안타워,구로중앙로 68(구로동),
0,신영지웰아파트,무학봉길 76 (하왕십리동)2개동,
0,신원에벤에셀아파트,해등로 255,서울 도봉구 해등로 255
0,신원에벤에셀프라자,해등로 255,서울 도봉구 해등로 255
0,신이문금호어울림아파트입주자대표회의,"서울특별시 동대문구 신이문로 9(이문동 428 ,금호(A)어울림 )",
0,신창비바패밀리,천호대로 400 (용답동),
0,신촌숲아이파크,신수동 93-102,
0,신촌자이엘라,신촌로 149(대현동104-36),
0,신촌푸르지오2단지(북아현1-2),북아현로1길 50(북아현동174),
0,신한 L타워,삼일대로 358,서울 중구 삼일대로 358
0,신한은행명동금융센터,명동길 43(명동1가),
0,실로암 안과병원,등촌로 181,서울 강서구 등촌로 181
0,쌍문그린스테이트빌딩,시루봉로 2,서울 도봉구 시루봉로 2
0,쌍문동 청년주택,쌍문동 103-6,서울 도봉구 도봉로 445
0,쌩모리츠타운,쑥고개로100(봉천동 1574-1),
0,쎄덱,와우산로17길 18,서울 마포구 와우산로17길 18
0,씨에스타워,월드컵북로 137 (성산동),
0,씨엔에스유통주 미아셀프주유소,서울특별시 강북구 도봉로 200(미아동 197-14),
0,씨제이건설(주),남부순환로 2271(방배동 ),
0,씨제이나인파크 A동,"석촌동 24-11, 씨제이나인파크 A동",
0,씨제이나인파크 B동,"석촌동 24-14, 씨제이나인파크 B동",
0,씨티렉스(CT-LEX),시흥대로 399(독산동 291-5),
0,아람아이씨티타워,시흥대로 193 (시흥동 991-1),
0,아르누보서초지점,서초대로 357(서초동 1680-1),
0,아만티 호텔,서교동 447-1,서울 마포구 월드컵북로 31
0,아스테리움서울,"한강대로 372 동부센트레빌아스테리움서울 A,B,C동 관리실 (동자동 36-17 )",
0,아스테리움서울(KDB생명타워),한강대로372 (D동),
0,아쎈다스코리아5호,서울특별시 강남구 테헤란로44길 8(역삼동 706-19),
0,아워홈 마곡식품연구센터,마곡중앙10로 91,서울 강서구 마곡중앙10로 91
0,아이아이컴바인드 신사옥 신축공사,뚝섬로15길 1(성수동2가),
0,아이에스비즈타워,양평로21길 26(양평동5가 1-1),
0,아이티벤쳐타워,중대로 135,서울 송파구 중대로 135
0,아이피비엠씨(주),남부순환로218길 37(봉천동 867-12),
0,아일렉스홍대,동교동 160-4,서울 마포구 양화로 147
0,아주건설㈜,서울특별시 송파구 거여동 37,서울 송파구 오금로 513
0,아주관리,도봉로 358(번동 418-1),
0,아쿠아산소사우나,한천로 1131(수유동),
0,아크로 서울포레스트,왕십리로 83-21,서울 성동구 왕십리로 83-21
0,아크로리버뷰신반포 생활지원센터,"서울특별시 서초구 잠원로 117(잠원동 159 ,아크로리버뷰신반포 )",
0,아크로리버뷰신반포생활센터,"잠원로 117(잠원동 159 ,아크로리버뷰신반포 )",
0,아크로서울포레스트,왕십리로 83-21(성수동1가),
0,아크로펠리스,경인로20나길 36 (오류동),
0,아현 푸르지오 클라시티 신축공사,아현동 375-2,
0,아현변전소,아현동 275-5,
0,안당빌딩,다산로36길 101,서울 중구 다산로36길 101
0,알로프트 서울명동호텔,남대문로 56,서울 중구 남대문로 56
0,알음종합건설,상계63동 95-182,
0,양지대림2차 아파트,덕릉로 73길 28,서울 노원구 덕릉로73길 28
0,양지병원,남부순환로1640(신림동 10-207),
0,양지타워2,목동동로 73,서울 양천구 목동동로 73
0,양천메디칼센타(서남병원),신정이펜1로 20,서울 양천구 신정이펜1로 20
0,양화로 복합시설 신축공사,"동교동 162-4,15,16",
0,어바니엘 염창,목동 514-18,서울 양천구 공항대로 630
0,어바니엘 한강,노량진로 190,서울 동작구 노량진로 190
0,어울림 더 리버아파트 (금호어울림아파트),독서당로40길 37 (옥수동)(8개동),
0,업무시설 증축공사(현대건설㈜),영동대로 512(삼성동 167),
0,에그옐로우,남부순환로1820(봉천동 862-18),
0,에스메디칼㈜,고덕동 98-6,서울 강동구 고덕비즈밸리로4길 30
0,에스앤아이코퍼레이션,서울특별시 서초구 양재대로 246(염곡동 300-4),
0,에스원건설,신림동538-3(조인트 힐병원 신축현장),
0,에스제이에이뮤직,와우산로25길 6,서울 마포구 와우산로25길 6
0,에이스 가산포휴,가산디지털1로 225 (가산동 517-4),
0,에이스 성수타워 1차,광나루로8길 10 (성수2가3동),
0,에이스가산타워,디지털로 121(가산동 550-9),
0,에이스건설 주식회사,양천로 543,
0,에이스건설주식회사,양천로 543,
0,에이스비즈포레,가산디지털2로 173(가산동 459-23),
0,에이스빌딩 금한태,"서초대로41길 19(서초동 1720-2 ,지하1층관리실 )",
0,에이스하이엔드 성수타운,성수이로10길 14 (성수2가1동),
0,에이스하이엔드 성수타워,성수이로10길 14 (성수2가1동),
0,에이스하이엔드타워5,"가산디지털1로 226(가산동 505-18 ,에이스하이엔드5차 )",
0,에이스하이엔드타워7,가산디지털2로 67(가산동 345-33),
0,에이스하이엔드타워8,가산디지털1로 84(가산동 345-4),
0,에이스하이테크2차 입주자대표위원회,서울 영등포구 선유로13길 25,서울 영등포구 선유로13길 25
0,에이스하이테크시티3 입주자대표위원회,서울 영등포구 선유로 130,서울 영등포구 선유로 130
0,에이원타워,국회대로 559(당산동4가 38-1),
0,에이제이네트웍스(주),"정의로8길 9, 15층 (문정동 640-5 ,AJ빌딩(안상면) )",
0,에이치비지니스파크,"문정동 645-2 ,문정지식산업 쎈타7-2블럭 )",
0,에이치비지니스파크(현대건설㈜),법원로9길 26(문정동 645-2),
0,에코피아빌딩,도봉로 30(송중동),서울 강북구 도봉로10나길 17
0,에피소드신촌369,노고산동 57-50,서울 마포구 신촌로16길 29
0,엔에프컨소시엄㈜,성암산로 34,
0,엔티산업주식회사 대표이사 지우종,서울 서초구 효령로 292,서울 서초구 효령로 292
0,엘루체백화점관리단,신반포로 23(반포동 1141),
0,엘루크 방배 서리풀 신축공사,방배동 911-22,
0,엘씨타워(LC TOWER),양화로 186,서울 마포구 양화로 186
0,엘지씨앤에스,월드컵북로 424 (상암동),
0,엘지유플러스 시흥고객센터,금하로 597(시흥동 998),
0,엘지유플러스 용산사옥,한강대로32,서울 용산구 한강대로 32
0,엘지전자(주),"가산동 327-23,가산디지털1로 51 (가산동)",
0,엘지펠리스빌딩,홍익로6길 57 (동교동),
0,엘크루 메트로시티,충무로 13(충무로3가),
0,엘크루발산,강서로56길 44,서울 강서구 강서로56길 44
0,엘티삼보㈜,옥수동168-5 (옥수동),
0,여의도1차경동미르웰,서울 영등포구 버드나루로7길 3,서울 영등포구 버드나루로7길 3
0,여의도리슈빌관리사무소,서울 영등포구 신길로 287,서울 영등포구 신길로 287
0,여의도순복음교회,마천로 17(방이동 209-1),
0,여의도에스트레뉴빌딩관리단,국제금융로2길 37(여의도동 26),
0,역삼 자이아파트,역삼동 711-1번지,서울 강남구 언주로 408
0,역삼 푸르지오시티,논현로85길 52(역삼동 735-17),
0,역삼오피스빌딩 신축공사(CJ건설㈜),역삼동 706-19번지,서울 강남구 테헤란로44길 8
0,역삼자이상가대표회의,서울특별시 강남구 언주로 420(역삼동 711-1),
0,연세대학,"신촌동 134 ,연세대",서울 서대문구 연세로 50
0,연세방병원,동일로 989 (공릉1동 680-10),
0,연세의료원(바이오메디칼센타),대신동 52,대구 중구 달성로 85
0,연세의료원(오폐수처리장),"연세로 50(신촌동 134 ,연세의료원(오폐수처리장) )",
0,연지스퀘어센터,초안산로 12 인덕대학교(월계2동 648),
0,염광아름빌 아파트,덕릉로79길 23 (중계4동 445),
0,영동농협내곡지점,서울 서초구 헌릉로 176 2층,
0,영동농협하나로마트내곡점,서울 서초구 헌릉로 176,서울 서초구 헌릉로 176
0,영등포구청 청소과,서울특별시 영등포구 영중로 119(영등포동8가 35-1),
0,영등포구청 푸른도시과,서울특별시 영등포구 영중로 119(영등포동8가 35-1),
0,영등포구청역(2호선),당산로27길 12(당산동3가 385),
0,예사랑교회,장승배기로10가길 124,서울 동작구 장승배기로10가길 124
0,예수사랑교회,노원로6(공릉2동 112-4),
0,예원교회,화곡로63길 55,
0,오르세오피스텔,자동차시장1길 94-15 (용답동),
0,오피시아관리사무소,새문안로 92(신문로1가),
0,올리브모텔,디지털로32길 97-31(구로동),
0,와우패션클럽,노해로 507,서울 노원구 노해로 507
0,와이즈플레이스,가마산로 268,서울 구로구 가마산로 268
0,왕십리교회,난계로 160(상왕십리동),
0,요진건설산업㈜,"신림동240-1,3,4, 1521-1,2청년주택 신축",
0,요진건설㈜,"관악구 신림동240-1,3,4, 1521-1,2",
0,용답동 오피스텔 신축공사,가람길 267(용답동),
0,용산KCC스위첸입주자대표회의,백범로 275,서울 용산구 백범로 275
0,용산kcc웰츠타워,백범로90길 90,서울 용산구 백범로90길 90
0,용산씨제이나인파크,백범로90다길 12 (문배동),
0,용산씨티파크2단지,서빙고로 31 (한강로3가),
0,용산역 전면3구역(삼성물산)(래미안용산),한강로2가 335번지 일대,
0,용산토투밸리,새창로 217 6층 (한강로2가 2-37 ) 토투밸리빌딩관리,
0,용산트레이드센터,"용산구 한강대로 42(한강로3가 ,용산트레이드센터 )",
0,용산푸르지오써밋,한강로2가 391번지 일대,
0,우남아파트,화랑로 355(월계3동 930),
0,우리W타워,아차산로15길 19 (성수동2가),
0,우리금융상암센타,월드컵북로60길 17 (상암동),
0,우리기술,월드컵북로56길 9 (상암동),
0,우리은행본점,소공로 51,서울 중구 소공로 51
0,우리큐브,연무장11길 10(성수동2가),
0,우린문화재단,연무장7길 11 (성수동2가),
0,우림 라이온스밸리,가산디지털1로 168(가산동 371-28),
0,우림라이온스밸리2차,가산디지털1로 2(가산동 680)),
0,우림필유(아),이촌로29길 21-7 (한강로3가 91 ) 우림필유,
0,우면목욕탕,바우뫼로7길 8(우면동 66-2),
0,우신운수,"과천대로 796(방배동 2922 ,우신운수 )",
0,우은빌딩,공릉동 441-92,서울 노원구 동일로192길 74
0,우일타운,다산로 274(흥인동),
0,우화빌딩,동일로190길 65 (공릉1동392-21),
0,운현궁 SK허브 운영위원회,삼일대로 461(경운동),
0,웅진타워 임재관,서울 서초구 반포대로 30길 81 웅진타워 16F,
0,원서동 교육연구시설,원서동 106-1,서울 종로구 창덕궁길 73
0,월계 2차 한일아파트,석계로 13길 6-10,서울 노원구 석계로13길 6-10
0,월계문화체육센터,월계로 296-17(월계1동 569-1),
0,월계센트럴아이파크 아파트,초안산로2라길 26,서울 노원구 초안산로2라길 26
0,월드컵참누리 아파트,월드컵북로38길 53 (중동),
0,월드컵참누리아파트,월드컵북로38길 53 (중동),
0,위너스오피스텔,백제고분로 63,서울 송파구 백제고분로 63
0,위례2차아이파크 아파트,"위례광장로 230(장지동 884, 위례지구C1-2블록)",
0,위례아이파크2차 아파트,"위례광장로 230(장지동 884, 위례지구C1-2블록 ,위례아이파크2차 아파트 )",
0,위례중앙푸르지오2단지 아파트,위례광장로 290(장지동 896 ),
0,위례포례18단지,거여동 648,서울 송파구 위례북로4길 12
0,유경데파트,한글비석로 232,서울 노원구 한글비석로 232
0,유정빌딩(허재0),백제고분로 503,서울 송파구 백제고분로 503
0,유진앤컴퍼니,가마산로48길 16(대림동 673),
0,육군사관학교,화랑로 574(공릉2동 230-30),
0,육군사관학교2,화랑로 574(공릉2동 230-30),
0,은성산업㈜,올림픽로34길 5-17,
0,은평뉴타운엘크루아파트,진관3로 21(진관동 65),
0,은평성모병원,통일로 1021,서울 은평구 통일로 1021
0,은평솔하임관리사무소,진관동 59-18,서울 은평구 통일로 1080
0,을지병원 제1별관,공릉로 327(하계1동 279-5),
0,을지병원 행정동,공릉로59나길 52(하계1동 279-8),
0,을지트윈타워,을지로 170-1,
0,이강인,강남대로 213(양재동 24-2),
0,이랜드PEER,서강로 75-16,서울 마포구 서강로 75-16
0,이마트 성수점,뚝섬로 379 (성수2가1동),
0,이문KCC웰츠타워,이문로 136(이문동 292-10),
0,이문KCC웰츠타워관리단,이문로 136(이문동 292-10),
0,이상혁,서울특별시 서초구 강남대로 369(서초동),
0,이수자이,사당로 300,서울 동작구 사당로 300
0,이수힐스테이트 아파트,동작대로39길 22,서울 동작구 동작대로39길 22
0,이스타빌3,"목동서로 377, (신정동)",
0,이스트빌딩,반포대로 3(서초동 1464-30),
0,이안용산프리미어,청파로 213 외31필지 (문배동 3-3 ),
0,이영숙 (금호어울림 아파트),"신이문로 9(이문동 428 ,금호(A)어울림 )",
0,이의환,,서울 성북구 개운사길 83-15
0,이좋은집오피스텔,경인로20나길 30 (오류동),
0,이촌레미안첼리투스,이촌동 303-3외,
0,이튼타워,능동로 18,서울 광진구 능동로 18
0,이평건설,서울 강남구 언주로 537 E&P TOWER3 4층,
0,이프라자,세종대로4길 25,서울 중구 세종대로4길 25
0,이화공영,서초동 1692-2,
0,이화공영(주),"서울 마포구 양화로 104 유앤아이웨딩홀 4,5층",
0,이화여대(ECC관),"이화여대길 52(대현동 11-1 ,이화여대",
0,이화의대부속서울병원,내발산동 157(마곡동 728-26),
0,인재빌딩,도봉로 527,서울 도봉구 도봉로 527
0,인터엠빌딩,도봉로 719,서울 도봉구 도봉로 719
0,일상빌딩,고려대로5길 93,서울 성북구 고려대로5길 93
0,일성트루엘,신림로23길 16(신림동 1523),
0,자생한방병원,논현동 142-3번지,서울 강남구 강남대로 536
0,자생한방병원 논현사옥 신축공사(㈜한화건설),논현동 142-3번지,서울 강남구 강남대로 536
0,자양래미안,아차산로345,서울 광진구 아차산로 345
0,잠실대명벨리온오피스텔,오금로11길 37(방이동 43),
0,잠실대우레이크월드 입주자대표회의(반충남),석촌호수로 298(송파동 58-1),
0,잠실롯데,올림픽로 240(잠실동 40-1),
0,잠실제니알,방이동 39번지,서울 송파구 올림픽로34길 6
0,잠실프로젝트금융투자(주),올림픽로35가길 9(신천동 11-4),
0,잠실헤리츠상가,방이동 47 잠실헤리츠상가,
0,장안삼성쉐르빌,장한로 119(장안동 371-1),
0,장은실업(주),"방이동44-2, (지하)",
0,장충체육관,동호로 241,서울 중구 동호로 241
0,전국은행연합회,명동11길 19,서울 중구 명동11길 19
0,전자회관,월드컵북로54길 11(상암동),
0,정부중앙청사별관,사직로8길 60(도렴동),
0,정종규,,서울 성북구 개운사길 83-15
0,정협회,청파로 319,서울 용산구 청파로 319
0,제일병원 주차타워,묵정동 1-19,
0,젠트리스,성내동 48-6,
0,조인트힐 병원,남부순환로1469,
0,조중연,,서울 성북구 개운사길 83-15
0,종로청계힐스테이트,숭인동길 21(숭인동),
0,종로타워,종로 51(종로2가),
0,㈜ECMD(이규석),송파대로34길 29(송파동 185-5),
0,"㈜KCC건설, 농업협동조합",송파대로 155,서울 송파구 송파대로 155
0,"㈜KCC건설, 농업형동조합",송파대로 155,서울 송파구 송파대로 155
0,㈜LG패션,압구정로 230(신사동 617-3),
0,㈜SBS,"목동서로 161, (목동)",서울 양천구 목동서로 161
0,주거복합 신축공사 현장,"방배동 756-4,5번지",
0,㈜굿모닝시티,장충단로 247(을지로6가),
0,㈜노량진수산,노들로 688,서울 동작구 노들로 688
0,㈜다짐,필동1가 44-1,서울 중구 충무로 7
0,㈜롯데자산개발,하늘길 38,서울 강서구 하늘길 38
0,㈜메이트플러스,보라매로5길 35,서울 동작구 보라매로5길 35
0,㈜명동밀레오레관리단,퇴계로 115(충무로1가),
0,㈜문화방송,성암로 267,서울 마포구 성암로 267
0,㈜삼일기업공사,테헤란로7길21(역삼동 635-1),
0,㈜삼호,,서울 성북구 개운사길 83-15
0,㈜성풍건설,압구정동 479,
0,㈜세정건설,관악구 신림동1644-3,
0,주식회사 kcc건설,서울특별시 서초구 (서초동 1365-9),
0,주식회사 인커스,서울특별시 강북구 도봉로 136(미아동 131-30),
0,주식회사 카네,,서울 성북구 개운사길 83-15
0,주식회사 파비스씨앤씨,서울 강남구 논현로 172,서울 강남구 논현로 172
0,주식회사가이아글로벌,서울 서초구 방배로 143 3층,
0,주식회사세미콜론문래위탁관리부동산투자회사,서울 영등포구 문래로28길 25,서울 영등포구 문래로28길 25
0,㈜씨네플랜,도봉로 399(수유동),
0,㈜씨티케이코스메틱스,서울 서초구 효령로 234,서울 서초구 효령로 234
0,주얼리시티㈜,종로 183(인의동),
0,㈜엘지유플러스,월드컵북로 416 (상암동),
0,㈜좋은책신사고,강서로 463,서울 강서구 강서로 463
0,㈜중흥토건,진관동 76-40,
0,㈜창성건설,논현동 6-2번지,서울 강남구 도산대로 150
0,㈜케이알앤씨,청계천로 30(다동),
0,㈜코람코자산신탁,강남대로 374(역삼동 826),
0,㈜태안모터스,논현로18길 9(개포동 1237),
0,㈜태영건설,서소문동 85-3,서울 중구 서소문로 124
0,㈜한샘,성암로 179 (상암동),
0,㈜호반건설,대조동 2-9,
0,준타워,퇴계로 385,서울 중구 퇴계로 385
0,중계두타빌,중계동 360-9,서울 노원구 한글비석로 245
0,중계센트럴파크,"덕릉로115다길 40 (상계3,4동 1323)",
0,중소기업은행,도봉로 399(수유동 168-12),
0,중소기업중앙회,성암로 189 (상암동),
0,중앙대학교,흑석로6길 61,서울 동작구 흑석로6길 61
0,중앙대학교 310관,흑석로 84,전북 전주시 완산구 흑석로 84-87
0,중앙대학교 병원,흑석로 102,서울 동작구 흑석로 102
0,중앙유통단지,경인로53길15(구로동),
0,중앙하이츠아쿠아아파트,공릉로 430(중계2.3동 514),
0,지에스건설,종로 33(청진동),
0,지에스건설(주),구로동698-7,
0,지지빌딩,장충단로 192,서울 중구 장충단로 192
0,진도아파트(주계량기),"두산로 36(독산동 1133 ,진도아파트 201동)",
0,차원도시종합건설,방배동 812-24,서울 서초구 방배로 199
0,창동 문화산업단지,창동 1-28,서울 도봉구 마들로13길 61
0,창동 아우르네,마들로13길 84,서울 도봉구 마들로13길 84
0,창동신원리베르텔,노해로341,서울 도봉구 노해로 341
0,창동씨티월드,노해로 69길 26,서울 도봉구 노해로69길 26
0,창동아우르네,마들로13길 84,서울 도봉구 마들로13길 84
0,창비서교빌딩,서교동 475-34,서울 마포구 월드컵로12길 7
0,청계와이즈노벨리아,서울시립대로 19(답십리동 463-2),
0,청계천 위브더제니스,다산로46길 17,서울 중구 다산로46길 17
0,청계한신휴플러스(아),"서울시립대로 14(답십리동 1002 ,청계한신휴플러스(아) )",
0,청구아파트,"중앙로6길 5-15(고척동,청구아파트)",
0,청량리3재정비촉진구역 주거복합 신축공사(효성중공업),용두동 11-1 외6필지,
0,청량리4구역 신축공사(롯데건설),전농동 620-47일대,
0,청림실업㈜,백제고분로 266,서울 송파구 백제고분로 266
0,청휘빌딩,명동2가 33-1,서울 중구 명동길 48
0,체육시설관리사업소,올림픽로 25(잠실동 10),
0,최ㅇㅇ,,서울 성북구 개운사길 83-15
0,최영락,,서울 성북구 개운사길 83-15
0,충무로 헤센 스마트,충무로5가 90,서울 중구 서애로1길 11
0,칼튼 테라스,공릉로2길 8-4(묵동),
0,케이비강남오피스제1호위탁관리부동산투자회사,,서울 성북구 개운사길 83-15
0,케이비스타오피스전문투자형사모부동산투자신탁제4호,,서울 성북구 개운사길 83-15
0,케이씨씨 웰츠밸리,가산디지털1로 205(가산동 470-8),
0,케이지타워,통일로 92,서울 중구 통일로 92
0,케이티에스테이트,서울특별시 영등포구 영중로 119(영등포동8가 35-1),
0,코람코전문투자형사모부동산,남부순환로 2477(서초동 1424-2),
0,코람코전문투자형사모부동산투자신탁제78호,서울특별시 서초구 남부순환로 2477(서초동 1424-2),
0,코리아비즈니스센터,강남대로 309(서초동 1338-21),
0,코리아신탁㈜,명일동 472,
0,코스모타워,왕십리로 326 (도선동),
0,코스타타워,도봉로 358(번동),
0,코원건설,동일로174길 42,
0,코크랩제43호,"서초대로74길 14, B동 (서초동 1321-20)",
0,코크렙제43호,"서울특별시 서초구 서초대로74길 14, B동 (서초동 1321-20)",
0,코트야드 메리어트 서울 남대문,남대문로 9,서울 중구 남대문로 9
0,큐비스트 빌딩,상계로 84,서울 노원구 상계로 84
0,크리스탈지노믹스R&D센터,마곡동 772-1,서울 강서구 마곡중앙8로 38
0,타워730(현대사모부동산투자신탁제15호),올림픽로35길 141(신천동 7-30),
0,타워빌딩,남부순환로1817(봉천동 861-6),
0,타워텔빌딩,마들로 11가길 13-6,서울 도봉구 마들로11가길 13-6
0,타임스퀘어,영중로 15(영등포동4가 442),
0,태경빌딩,한글비석로271 (중계1동 359-20),
0,태산토건,공덕동,
0,태성빌딩,방울내로 79 (망원동),
0,태영데시앙,독막로 320 (도화동),
0,태영빌딩,마포대로 144 (공덕동),
0,태평로빌딩,세종대로 73(태평로2가),
0,토렘에스알에스,신대방동 722,
0,트리플렉스관리사무소,서울 영등포구 문래북로 116,서울 영등포구 문래북로 116
0,트윈 트리,율곡로6,서울 종로구 율곡로 6
0,트윈시티 남산,"용산구 한강대로 366(동자동, 오피스텔용, 지하수만있는 수전 ,트윈시티 남산 ) 트윈시티 남산 오피스텔 관리단",
0,티마크 그랜드 호텔,퇴계로 52,서울 중구 퇴계로 52
0,파라다이스빌잠실,올림픽로 366(방이동 40),
0,파라다이스빌잠실(최진일),올림픽로 366(방이동 40),
0,파라스파라,"삼양로 689, 101동 (우이동 346)",
0,파르나스호텔(주),서울 강남구 테헤란로 521,서울 강남구 테헤란로 521
0,파르나스호텔㈜,봉은사로 524(삼성동 159),
0,파인애비뉴,을지로 100(을지로2가),
0,파크원관리단,서울 영등포구 여의대로 108,서울 영등포구 여의대로 108
0,파크웨이,올림픽로34길 5-23,서울 송파구 올림픽로34길 5-23
0,파크웨이(유병0),올림픽로34길 5-23,서울 송파구 올림픽로34길 5-23
0,파크팰리스2 (아파트),마포대로 143 (공덕동),
0,파크팰리스2(오피스텔),마포대로 143,서울 마포구 마포대로 143
0,파크팰리스2아파트,마포대로 143 (공덕동),
0,파크하비오 푸르지오아파트,"송파대로 111, 지하4층 (문정동 618)",
0,파트너스타워1,가산디지털1로 83(가산동 345-13),
0,팬엔터테이먼트,월드컵북로58길 10 (상암동),
0,펌스개발쇼핑몰(NC백화점),불광로 20(대조동 240),
0,페이토디앤아이(주),서울 서초구 강남대로 563 페이토디앤아이,서울 서초구 강남대로 563
0,페이토디앤아이주식회사,서울 서초구 강남대로 563 페이토디앤아이,서울 서초구 강남대로 563
0,페코텍글로벌허브빌딩,동일로 169 (성수동2가),
0,포스코건설,경북 포항시 북구 중흥로 307,경북 포항시 북구 중흥로 307
0,포시즌스호텔,새문안로 97(당주동),
0,푸르지오시티 관리위원회,서울특별시 강남구 (역삼동 735-17),
0,풍림브아이피텔,마포대로 127 (공덕동),
0,풍양빌딩,도봉로 136(송중동),
0,하나은행,을지로1가 101-1,서울 중구 을지로 35
0,하림인터내셔날 오피스텔,서초대로 316(서초동 1674-5),
0,하우스.D.비즈관리사무소,선유로3길 10,서울 영등포구 선유로3길 10
0,하우스디비즈,선유로3길 10,서울 영등포구 선유로3길 10
0,하우스디세종타워,성수일로10길 26 (성수동2가),
0,하이마트종합전자백화점,노해로397,서울 도봉구 노해로 397
0,하이페리온2,"오목로 300, (목동)",
0,학고재,삼청로 48-4(소격동),
0,학고재(오경자),삼청로 48-4(소격동),
0,한강G트리타워,양천로 738,서울 강서구 양천로 738
0,한강메카트리움,"한강대로43길 8 (한강로2가 2-8 B4 기계실,주차블럭22,42,15)",
0,한국광고문화회관,올림픽로35길 137,서울 송파구 올림픽로35길 137
0,한국교직원공제회,여의나루로 50,서울 영등포구 여의나루로 50
0,한국마사회,도봉로 302(번동),
0,한국무역협회,영동대로 513(삼성동 159),
0,한국벤처투자,서울특별시 서초구 서초대로45길 16(서초동 1706-5),
0,한국벤처투자주식회사,서초대로45길 16(서초동 1706-5),
0,한국사회복지회관,만리재로 14 (공덕동),
0,한국소비자원,"서울특별시 서초구 양재대로 246(염곡동, 송암빌딩)",
0,한국외국어대학교,이문동 270,서울 동대문구 이문로 107
0,한국외대시설,이문동 270,서울 동대문구 이문로 107
0,한국자산관리공사,서울 강남구 강남대로 262,서울 강남구 강남대로 262
0,한국자산신탁,충민로 5(문정동 622),
0,한국장학재단,"서울특별시 서초구 서초대로41길 19(서초동, 지하1층관리실)",
0,한국정보통신공사,한강대로 308 (갈월동 16 ),
0,한국통신,공덕동 435-11,
0,한국통신 가좌지점(지점장),상암동 24-2,
0,한국후지필름 복합주거시설(어바니엘 가산),가산디지털1로 222(가산동 505-19),
0,한남아이파크,독서당로46(한남동93),
0,한동건설(주),삼성로 762(청담동 49-21),
0,한동건설㈜,삼성로 762(청담동 49-21),
0,한라시그마밸리,가산디지털2로 53(가산동 345-90),
0,한라타운아파트,난곡로47길 9(신림동763) ),
0,한미사이언스(주),"위례성대로 14(방이동 45 ,한미타워 )",
0,한방천하포스빌,왕산로 122(용두동 788),
0,한불모터스,광나루로 310 (성수2가3동),
0,한성인베스트먼트 (용산포르쉐타워),이촌로16,서울 용산구 이촌로 16-7
0,한성인베스트먼트(용산포르쉐타워),이촌로16,서울 용산구 이촌로 16-7
0,한성자동차 용답서비스센터,용답동 238-8 (용답동),
0,한솔로이젠트,가마산로 265,서울 구로구 가마산로 265
0,한솔병원(이동0) 신관,백제고분로39길 14-20,서울 송파구 백제고분로39길 14-20
0,한솔병원(이동근),"송파대로 445(석촌동 174-13 ,한솔병원 )",
0,한솔병원(이동근) 신관,백제고분로39길 14-20,서울 송파구 백제고분로39길 14-20
0,한ㅇㅇ,,서울 성북구 개운사길 83-15
0,한양여자대학(지하주차장),왕십리로 222 (사근동),
0,한이랑,대명1길 7(명륜4가 16-1) 옥산빌딩,
0,한전(가락 전력구),서울특별시 송파구 문정동 150-15,서울 송파구 중대로 80
0,한전남서울본부,서울 영등포구 여의동로7길 5,서울 영등포구 여의동로7길 5
0,한종욱,,서울 성북구 개운사길 83-15
0,한화 꿈에그린아파트,마포대로10길 22,서울 마포구 마포대로10길 22
0,한화 역사(주) 청량리점,"왕산로 214(전농동 591-53 ,한화 역사(주) 청량리점 )",
0,한화금융센터,세종대로 92,서울 중구 세종대로 92
0,한화커넥트(주) 청량리역점,"왕산로 214(전농동 591-53 ,한화 역사(주) 청량리점 )",
0,해링턴타워,강서로45가길 51(화곡동 1013-16),
0,해밀톤호텔,이태원로 179 (이태원동 119-25 ),
0,해밀톤호텔 이ㅇㅇ,이태원로 179 (이태원동 119-25 ),
0,행복한세상,"목동동로 309, (목동)",
0,향도드림네스트,"목동동로 437, (목동)",
0,헬리오시티상가,송파대로 345(헬리오시티 상가),
0,현대41타워,"목동동로 293, (목동)",
0,현대건설(주),청담동 106-4,
0,현대건설㈜,청담동 106-4,
0,현대백화점,신촌로 83(창천동 30-33),
0,현대백화점(미아점),동소문로 315,서울 성북구 동소문로 315
0,현대썬앤빌,장한로 91(장안동 373-3),
0,현대아파트,석계로 49,서울 노원구 석계로 49
0,현대엔지니어링,"송파대로 201(문정동 642 ,현대엔지니어링 1-1블럭 )",
0,현대엔지니어링㈜(송파테라타워2),"송파대로 201(문정동 642 ,현대엔지니어링 1-1블럭 )",
0,현대엠코,망우로 353(상봉동),
0,현대월드타워,"목동서로 77, (목동)",
0,현대토픽스관리소,위례성대로 6(방이동 44-3),
0,현대파리지앙,"목동서로 57, (목동)",
0,현대파크빌,목동동로 391 (목동),
0,현대하이엘,마포대로 173 (공덕동),
0,현대해상화재보험,,서울 성북구 개운사길 83-15
0,호반베르디움,"동남로 342, (지하)",
0,호반베르디움(김경렬),"오금동 34-2, (지하)",
0,호반써밋,중앙로29길 11,서울 양천구 중앙로29길 11
0,호텔그레이스리,남대문로4가 17-19,서울 중구 세종대로12길 12
0,호텔스카이파크,명동9길 22,서울 중구 명동9길 22
0,호텔신라부설주차장,동호로 233-10,
0,홀리데이인 성북,종암로 123,서울 성북구 종암로 123
0,홈플러스 동대문점,천호대로 133(용두동 33-1),
0,홈플러스 신내점,신내로 201(신내동),
0,홍익대학교 제2기숙사,와우산로 94 (상수동),서울 마포구 와우산로 39-14
0,황학동 한양립스 이노와이즈,마장로9길 2-16,
0,황학아크로타워,퇴계로 447(황학동),
0,효성인텔리안,마포대로 208 (아현동),
0,효성중공업,용두동 11-1 외6필지,
0,효성해링턴,"서울특별시 서초구 효령로 310(서초동 1445-1 ,평창라마다 스윗앤 호텔 홍보관 )",
0,효성해링턴플레이스아파트,상도로 207,서울 동작구 상도로 207
0,효창파크KCC위첸 아파트 효성건설현장,효창동 117-1,
0,휘경sk뷰아파트(8개동),서울특별시 동대문구 휘경로 60(휘경동 128-12),
0,휴먼타워관리사무소,강남대로 605(잠원동 20-9),
0,흑석 롯데캐슬 에듀포레,흑석동 231-27,
0,흑석 해가든,서달로 150,인천 서구 서달로 150-4
0,흑석동 원불교회관,현충로 75,강원특별자치도 원주시 현충로 75
0,흥국생명보험㈜,새문안로 68(신문로1가),
0,흥우산업㈜,용산구 이태원로 271(한남동) 흥우산업(주),
0,힐데스하임,진관3로 11(진관동 64),
0,힐스테이트 뉴포레아파트,조원로25(신림동),서울 관악구 조원로18길 25
0,힐스테이트 에코 문정,"법원로4길 10(문정동 652-4 ,현대건설(주)8-4블럭 ) 현대건설㈜/ 힐스테이트 에코 문정",
0,힐스테이트관악뉴포레 현대엔지니어링㈜,조원동1644번지 일대,
0,힐스테이트상도프레스티지,상도로 346-2(상도동 533),
0,힐스테이트송파위례아파트,"장지동 883 ,힐스테이트",서울 송파구 위례광장로 170
0,"힐스테이트에코 B동, 힐스테이트 에코 송파","정의로7길 13 (문정동 639-4, 10-3블럭) 힐스테이트에코 B동",
0,(유)제니타스프로퍼티즈,이태원로200,서울 용산구 이태원로 200
0,(주)동서건설,"서울특별시 강북구 (미아동 811-2 ,종합체육센터(동서건설) )",
0,"(주)비앤아이홀딩스, 잠실리시온관리실",오금로 87(방이동 22-5),
0,(주)신세계조선호텔,"서울특별시 용산구 한강대로 366(동자동 56 ,트윈시티 남산 )",
0,(주)이오티앤디,서울특별시 영등포구 가마산로48길 16(대림동 673),
0,(주)인투빌,서울특별시 용산구 백범로90길 84-11(문배동 11-10),
0,(주)케이비동자민간임대위탁관리부동산투자회사,동자동37-85일원(동자8구역 도시환경정비사업현장,
0,(주)코크렙케이스퀘어위탁관리부동산투자회사,동교동 159-5,서울 마포구 양화로 161
0,(주)희망찬기업,서울특별시 영등포구 양평로 160(양평동5가 51),
0,"2030청년주택신축,호반건설",서울 서초구 양재대로2길 18 호반파크 2관,서울 서초구 양재대로2길 18
0,808 타워,서울 강남구 강남대로 470,서울 강남구 강남대로 470
0,es인포메틱스,서울 영등포구 가마산로48길 16,서울 영등포구 가마산로48길 16
0,KM타워신축공사현장,가산동 550-7 KM타워신축공사현장,
0,KT송파지사,오금로 90,경기 고양시 덕양구 오금로 90
0,KT중부유선운용센터 통신구팀,"서울특별시 강남구 논현로 872(신사동 610-2 ,압구정사거리 집수정 )",
0,S Business Center,"가산디지털2로 11, 6층 (가산동 343-8 ,(GS건설) )",
0,SK 이노베이션㈜,"종로 26(서린동, SK 이노베이션(주) 총무팀)",
0,가산 하우스디 파스타 지식산업센터 신축공사현장,가산동 459-24 가산 하우스디 파스타 지식산업센터 신축공사,
0,가산동 YS타워 신축공사현장,가산동 345-40 가산동 YS타워 신축공사현장,
0,강남 더시그넘하우스 신축공사(㈜효성),자곡동 664번지,서울 강남구 자곡로 204-25
0,강남중앙교회,석촌호수로 162(삼전동 111-16),
0,강산건설,방이동 48-2,서울 송파구 위례성대로2길 11
0,건국건설(잠실제니알관리단),방이동 39번지,서울 송파구 올림픽로34길 6
0,경찰 공제회,창경궁로 106 경찰공제회,서울 종로구 창경궁로 106
0,경희대 사회교육연구원,율곡로 110(권농동),
0,고덕센트럴푸르지오,고덕로 399,서울 강동구 고덕로 399
0,고덕역갑을명가시티오피스텔,동남로75길 27,서울 강동구 동남로75길 27
0,고도일병원,"강남대로 505(반포동 736-9 ,고도일병원 )",
0,골드타워 지식산업센터 신축공사현장,가산동 345-2 골드타워 지식산업센터 신축공사현장,
0,광혁건설,서울특별시 영등포구 국회대로22길 20(양평동3가 57-3),
0,교육연구시설,방배동 1023-1,서울 서초구 방배로 42
0,국제템플스테이센터,"목동동로 167, (신정동)",
0,금천해담채,시흥대로57길 46(시흥동 994-1),
0,금호어울림 아파트,"신이문로 9(이문동 428 ,금호(A)어울림 )",
0,금화건설 주식회사,서울 중랑구 봉우재로 191 동웅빌딩 2층 201호,
0,길동 요양병원,길동 412-10,서울 강동구 양재대로 1461
0,김00,,서울 성북구 개운사길 83-15
0,내곡동 소리박물관 신축공사,신원동 560,
0,대치1동 관리사무소,서울특별시 강남구 메트로3호선 344(대치동 600-7)지하,
0,도봉 새마을 금고 본점,도당로134,서울 도봉구 도당로 134
0,도시형 생활주택 건설현장,서초동 1487-1,서울 서초구 효령로 200
0,독산동 오피스텔 신축공사현장,"독산동 292-11, 30호 독산동 오피스텔 신축공사현장",
0,독산역 롯데캐슬 금천롯데타워,"벚꽃로 104(독산동 1160, 독산역 롯데캐슬 금천롯데타워)",
0,동북권 세대융합형 복합센터,마들로13길 84,서울 도봉구 마들로13길 84
0,두산건설,서울특별시 영등포구 여의대방로 259(신길동 1196),
0,드림리버오피스텔 관리사무소,서울특별시 영등포구 (여의도동 12-3),
0,래미안 목동아델리체,"중앙로43길 14, (신정동)",
0,롯데제과본사,양평로21길 10(양평동5가 21),
0,르피에드오피스텔,문정동 652-3,서울 송파구 송파대로 141
0,리마크빌영등포(한전남서울본부),영중로 119(영등포동8가 35-1),
0,맥스메이트,장충단로 209,서울 중구 장충단로 209
0,목동센트럴위브아이파크,"남부순환로 83길 17, (신월동)",
0,목동센트럴푸르지오,"오목로 354, (목동)",
0,문래SKV1관리사무소,서울특별시 영등포구 선유로9길 10(문래동6가 19),
0,문화정원빌딩,가산로 61,서울 금천구 가산로 61
0,"방학동 모비우스스퀘어, 은성산업",방학동 707-14(도봉로 684),
0,배00,,서울 성북구 개운사길 83-15
0,백상스타타워 2차,가산디지털2로 165(가산동 459-22),
0,벽산중기산업(주),서울특별시 영등포구 (양평동 504-1),
0,브라운스톤레젼드관리단,서울특별시 강남구 선릉로 660(삼성동 8-2),
0,비전딜딩,서울특별시 강북구 도봉로 190(미아동 121-20),
0,삼성물산 (주),서울특별시 영등포구 의사당대로 141(여의도동 45),
0,삼성지하철,서울특별시 강남구 테헤란로지하 538(삼성동 172-82),
0,삼성화재수유사옥,"서울특별시 강북구 도봉로 314(번동 446-8 ,삼성화재빌딩 )",
0,상계6구역 재개발 공사,덕릉로102길 5일대(상계3.4동),
0,상암데이터센터,월드컵북로60길 24(상암동),
0,서울~세종고속도로 건설공사( 안성 구리 건설공사13공구),,서울 성북구 개운사길 83-15
0,서울국제금융센터IFC관리단,국제금융로 10(여의도동 23 ),
0,서울주택도시공사(위례포레샤인18단지),거여동 61-4,
0,서초그랑자이(서초무지개아파트),효령로 391,서울 서초구 효령로 391
0,선유도코오롱디지털타워,양평로22길 21(양평동5가 106-1),
0,성산동 오피스텔,성산동 591-5,서울 마포구 월드컵로34길 7
0,세계기독교통일신령협회,서울특별시 용산구 청파로 319(청파동1가 161),
0,세계일보제작단 사옥,"서부샛길 534(가산동 550-15 ,(주)세계일보제작단 )",
0,소담더블린오피스텔관리단,서울 영등포구 영등포로 264,서울 영등포구 영등포로 264
0,수성위너스,정의로8길 13,서울 송파구 정의로8길 13
0,수유다우아트리체,한천로 1174(수유동),
0,수유삼호프라자,서울특별시 강북구 도봉로261(수유동 63-5),
0,숲에리움,경인로 27길7(오류동),
0,신림경전철3공구(서천건설 주식회사),신림동808-373 외 2개소 공사현장,
0,신월빗물저류배수시설,"목동동로 298, (목동)",
0,신월여의지하차도,"목동, 제물포터널 1공구",
0,신한은행,명동길 48,서울 중구 명동길 48
0,쌍용건설㈜,"잠실동 183-4외 2필지(4,5,10)",
0,아만티 호텔 서울,서교동 447-1,서울 마포구 월드컵북로 31
0,아모레퍼시픽,한강로2가 159-5일대,
0,아시아신탁(주),서울 강남구 영동대로 416 KT&G타워 13층,
0,안당빌딩(이한기),다산로36길 101,서울 중구 다산로36길 101
0,양재 2030 청년주택 신축공사,서초동 1365-8,
0,양재 공영주차장 신축공사,양재동 90-2,서울 서초구 양재천로 125-10
0,업무용,서울특별시 강남구 압구정로22길 32(신사동 568-21),
0,에셋테크(주),서울 강남구 삼성로95길 9,서울 강남구 삼성로95길 9
0,에이스하이테크시티2,"선유로13길25(문래6가,에이스하이테크시티2)",
0,에이스하이테크시티3고객지원센터,서울특별시 영등포구 선유로 132(양평동3가 5-4),
0,에이치하우스 대림관리사무소,,서울 성북구 개운사길 83-15
0,에이플러스에셋타워,서울특별시 서초구 강남대로 369(서초동),
0,에코피아빌딩운영위원회,"서울특별시 강북구 도봉로 30(미아동 35-5 ,에코피아빌딩 )",
0,엘지에클라트관리위원회,서울특별시 강남구 테헤란로20길 19(역삼동 736-24),
0,여의도2차경동미르웰관리단,서울 영등포구 영등포로 247,서울 영등포구 영등포로 247
0,영시티,문래동3가 55-18,서울 영등포구 문래로28길 25
0,와이이십이프로젝트금융투자 주식회사,서울 영등포구 국제금융로2길 32,서울 영등포구 국제금융로2길 32
0,용산kcc웰츠타워 시티파크종합건설((주)인투빌),백범로90길 84-11,
0,용산무역센터 주식회사,,서울 성북구 개운사길 83-15
0,우체국시설관리공단,,서울 성북구 개운사길 83-15
0,위례중앙푸르지오2단지 아파트(중앙푸르지오상가 2단지),위례광장로 290(장지동 896 ),
0,유정빌딩,백제고분로 503,서울 송파구 백제고분로 503
0,은성산업㈜(잠실벨솔레오피스텔),올림픽로34길 5-13,서울 송파구 올림픽로34길 5-13
0,은평뉴타운꿈에그린,진관동 66-13,
0,은혜 광성교회,천호동 399-21,
0,이동엽,서울특별시 동대문구 홍릉로3길 55(제기동 615-1),
0,이복열,서울특별시 영등포구 디지털로 343(대림동 1082-13),
0,이원종,,서울 성북구 개운사길 83-15
0,잠실대우레이크월드 입주자대표회의,석촌호수로 298(송파동 58-1),
0,장교12지구 도시정비사업 공사장,수표동 47-1,서울 중구 청계천로 106
0,장우성,퇴계로 385,서울 중구 퇴계로 385
0,정00,청파로 319,서울 용산구 청파로 319
0,제물포터널,"목동, 제물포터널 1공구",
0,제이메크로,을지로12길 28,서울 중구 을지로12길 28
0,㈜ECMD,송파대로34길 29(송파동 185-5),
0,㈜동서건설,"서울특별시 강북구 (미아동 811-2 ,종합체육센터(동서건설) )",
0,주식회사 엔에이치제3호위탁관리부동산투자회사,서울특별시 영등포구 (당산동4가 38-2),
0,주식회사 파빅스씨앤씨,서울 강남구 봉은사로 143,서울 강남구 봉은사로 143
0,㈜케이알산업,서울 송파구 위례순환로 480 KR산업 위례빌딩 6~10층,
0,㈜풍산건설(리치안오피스텔),거여동 산 37,
0,㈜한라,방이동 46-2,서울 송파구 오금로11길 45
0,㈜한양건설,방이동 46-6,서울 송파구 백제고분로51길 23
0,지식산업센터 신축공사현장,가산동 459-24,서울 금천구 가산디지털2로 169-16
0,창동 문화산업단지 신축공사,창동 1-28,서울 도봉구 마들로13길 61
0,천호한강푸르지오,구천면로 192,서울 강동구 구천면로 192
0,청년주택 신축공사,신림동1644-3,
0,최00,,서울 성북구 개운사길 83-15
0,최태환,,서울 성북구 개운사길 83-15
0,케이디유타워(송파테라타워2 관리단),정의로 70(문정동 640),
0,케이씨씨오토,시흥대로 173(시흥동 987-6),
0,케이티,대학로 65(연건동),
0,코레일유통주식회사,,서울 성북구 개운사길 83-15
0,타임스퀘어(김담),영중로 15(영등포동4가 442),
0,태릉입구역 청년주택 신축공사,동일로 1000(공릉1동 617-3),
0,테라타워 관리사무소,"문정동 651 ,문정지식산업센터3-1블럭 )",
0,토로스 아르테미스,양화로 153 (동교동),
0,"팬코리아볼링센타, 잠실서비스안전센터",올림픽로 545(풍납동 504-2),
0,한00,대명1길 7(명륜4가 16-1) 옥산빌딩,
0,한국마사회 강북지점,서울특별시 강북구 도봉로 302(번동 449-6),
0,한국외대시설관리팀,서울특별시 동대문구 (이문동 270),
0,한국자산신탁(송파한화오벨리스크 관리위원회),충민로 5(문정동 622),
0,한국전력 성동지사,서울특별시 강북구 도봉로 242(미아동 190-1),
0,한국전력구,서울특별시 강남구 (논현동 238-1),
0,한라비발디운종가,숭인동 1425,서울 종로구 난계로27길 15
0,한라원앤앤타워 신축공사현장,가산동 549-1 한라원앤앤타워 신축공사현장,
0,한솔병원,"송파대로 445(석촌동 174-13 ,한솔병원 )",
0,한솔병원 신관,백제고분로39길 14-20,서울 송파구 백제고분로39길 14-20
0,한전성동전력소,서울특별시 강북구 도봉로 48(미아동 71-5),
0,한화생명 불광동 사옥,통일로 742,서울 은평구 통일로 742
0,항동하버라인2단지,연동로234(항동),
0,해밀톤호텔 이상용,이태원로 179 (이태원동 119-25 ),
0,현대EV스테이션,천호대로 1221,서울 강동구 천호대로 1221
0,현대건설,서울특별시 영등포구 선유로35길 22(양평동3가 57),
0,현대엔지니어링(주),"송파대로 201(문정동 642 ,현대엔지니어링 1-1블럭 )",
0,현대엔지니어링㈜(송파테라타워2 관리단),"송파대로 201(문정동 642 ,현대엔지니어링 1-1블럭 )",
0,협성건설,시흥대로 606,서울 동작구 시흥대로 606
0,혜성산업,세종대로12길 12,서울 중구 세종대로12길 12
0,호반써밋목동아파트,신정동 1150-41(신정동),
0,효성네오인텔리안빌딩,도봉로 352(번동),
0,휘경sk뷰아파트,휘경로 60(휘경동 128-12),
0,휘경sk뷰아파트관리사무실,서울특별시 동대문구 휘경로 60(휘경동 128-12),
0,힐데스하임천호아파트,천호동 437-5,서울 강동구 올림픽로78길 30
0,힐스테이트 창경궁,충신동 60,서울 종로구 율곡로 236
0,(주)디디아이레지덴셜제1호,자양로 116,서울 광진구 자양로 116
0,(주)민기,"문정동 641-3 ,(주)대명건설 )",
0,(주)비제바노 서울지점,강남대로 464(역삼동 809),
0,(주)영풍,강남대로 542(논현동 142),
0,(주)청원종합건설,중대로 204-1,서울 송파구 중대로 204-1
0,"(주)파크하비오, 파크하비오 오피스텔",송파대로 111(문정동 618),
0,(주)플레이쉘,신림동 1433-1,
0,KCC웰츠타워,자양로 116,서울 광진구 자양로 116
0,KGIT상암센타,월드컵북로 402 (상암동),
0,KT estate,한강대로71길 4 (갈월동 103-17 ),
0,KT데이타센타,"목동동로 323, (목동)",
0,LG전자 가산 Rnull 캠퍼스,가산디지털1로 51(가산동 327-23),
0,MK타워(김모),정의로 67,서울 송파구 정의로 67
0,YTN 빌딩,세종대로 17,서울 중구 세종대로 17
0,가산SK V1 AP타워 신축공사,가산동 673,서울 금천구 가산디지털1로 16
0,가산메트로 지식산업센터 신축공사,가산동 60-29,서울 금천구 가산로9길 80
0,갈산공공도서관,목동남로4길 48-6 (신정동),
0,강남 GLAD호텔 신축공사(대림산업㈜),대치동 995-16번지,서울 강남구 테헤란로 610
0,강남세브란스병원 교수연구동 신축공사(㈜한진중공업),역삼동 783-22번지,
0,강산건설㈜,서울특별시 송파구 방이동 48-2,서울 송파구 위례성대로2길 11
0,강일리슈빌,아리수로 419,서울 강동구 아리수로 419
0,건국대학교신공학관,능동로 120-1,서울 광진구 능동로 120-1
0,경원선민자역사신축공사(창동역),창4동 135(마들로11길 77),
0,고덕주공2단지(SK),고덕로 353,서울 강동구 고덕로 353
0,고덕주공2단지(대우),고덕로 353,서울 강동구 고덕로 353
0,고덕주공2단지(현대),고덕동 212,서울 강동구 고덕로 385
0,고용남,종로39가길 5-7(충신동),
0,근린생활시설 신축공사(㈜호유엠케이),역삼동 783-22번지+D635,
0,금강아미움,쌍문동 711,서울 도봉구 방학로5길 33
0,금천 해담채,시흥대로57길 46(시흥동 994-1),
0,금천구청장(청소과),(시흥동 562-2),
0,금하빌딩(서의열),학동로 401(청담동 41-2),
0,꿈의숲 코오롱하늘채(구장위2구역),장위동 290-9,
0,남부중앙시장(주),봉천로12길 39(신림동 1426-7),
0,넵스 베스트웨스턴 바이브호텔 신축공사(에스지신성건설㈜),논현동 60-8번지,서울 강남구 도산대로 216
0,농심신대방사옥(쓰리에스포유),여의대방로 112,서울 동작구 여의대방로 112
0,대륭테크노타운 21차,범안로 1126(가산동 687),서울 금천구 범안로 1126
0,대륭테크노타운12차,가산디지털2로 14(가산동 327-32),
0,대륭테크노타운7(최창규),서부샛길 638(가산동 489-11),
0,대림산업㈜,남대문로5가 253,
0,대보실업(신림선 2공구),신대방동 375-12,
0,대심로공사현장,목동동로 298 (목동915),
0,대우디오빌,서울특별시 서초구 서초대로 17(방배동),
0,대일정공(김대희),"가산디지털1로 75-23(가산동 345-21 ,(345-24) )",
0,대한민국재향군인회,올림픽로35길 123(신천동 7-29),
0,더 클래식500,능동로 90,서울 광진구 능동로 90
0,더클래스효성(에이엠),효령로55길 65(서초동 1597-7),
0,독산동롯데캐슬아파트 신축공사,"벚꽃로 88(독산동 1005 ,롯데건설 건축현장 )",
0,동우자인채스토리상암 신축공사,월드컵로34길 20(성산동)지하5층,
0,드림스퀘어관리단,진관동 87,서울 은평구 진관2로 29-21
0,드림타워관리단 스포츠조선사옥,"목동동로 233-1, (목동)",
0,디엠씨씨 프로젝트금융투자 주식회사,상암산로 48-6 (상암동),
0,라온유아파트,정릉로 307,서울 성북구 정릉로 307
0,라온프라이빗시티 강남 신축공사(라온건설㈜ 김진석),세곡동 590번지,서울 강남구 헌릉로569길 13
0,래미안 대치팰리스,삼성로51길 35(대치동 610),
0,래미안신반포리오센트,잠원동 52,서울 서초구 잠원로14길 42
0,롯데물산㈜,올림픽로 300(신천동 29),
0,롯데쇼핑 관악점,봉천로209(봉천동 729-22),
0,마에스트로 생활문화지원실,남부순환로218길 1(봉천동 869-6),
0,마포한강2차 푸르지오,합정동 473,서울 마포구 월드컵로3길 14
0,메가스터디타워관리위원회,노량진로 140,서울 동작구 노량진로 140
0,메르스데스 벤츠 서비스센터,"정의로8길 6(문정동 640-9, 더클래스효성 ,문정지구5-8블록 ) (주)씨디인베스트/ 메르스데스 벤츠 서비스센터",
0,메트하임빌딩(주)보라매인베스트먼트,신풍로 93(신길동 2363),
0,목동센트럴아이파크위브1단지(두산),남부순환로83길 17,서울 양천구 남부순환로83길 17
0,목동센트럴아이파크위브2단지(현대),남부순환로83길 17,서울 양천구 남부순환로83길 17
0,문정SKV1GL 메트로시티 관리단,"법원로 128(문정동 642-3, 문정지구1-2) 문정에스케이브이원지",
0,민족통일빌(이동엽),홍릉로3길 55(제기동 615-1 민족통일빌),
0,벽산/경인디지털밸리2(자치위원회),가산디지털2로 184(가산동 481-10),
0,블루힐오피스텔,서울특별시 서초구 반포대로30길 9(서초동),
0,사랑의 교회,반포대로 121(서초동 1541-1),
0,삼성SRA자산운용(주),"강남대로 556(논현동 50-1 ,논현빌딩 )",
0,삼성금융캠프스(1),사임당로23길 27(서초동 1641-10),
0,삼성금융캠프스(2),서울특별시 서초구 사임당로23길 27(서초동 ),
0,삼성동 복합시설 신축공사(롯데건설㈜),삼성동 142-42번지,서울 강남구 테헤란로 415
0,삼성생명 청담동 신축공사(삼성물산㈜),청담동 3번지,서울 강남구 도산대로 420
0,삼성아파트3,만리재로 60 (신공덕동),
0,삼원빌딩,양평로 36(당산동6가 227),
0,상도엠코타운 애스톤파크,상도동 533,서울 동작구 상도로 346-2
0,상암스튜디오380,모래내로1길 20,서울 마포구 모래내로1길 20
0,상암월드시티,월드컵로34길 13,서울 마포구 월드컵로34길 13
0,상암이안아파텔1,월드컵로 190 (성산동),
0,상암푸르지오오피스텔 신축공사,상암동 1596,서울 마포구 월드컵북로54길 25
0,새마을금고복지회송파빌딩,오금로 81(방이동 22-3),
0,"새천년종합건설, 카카오","방이동47-2, (지하)",
0,새한빌딩(이계옥),굴레방로 11-1 (아현동),
0,서울대학교(관정도서관),관악로1(대학동),서울 관악구 관악로 1
0,서울파이넨스센터,세종대로 136,서울 중구 세종대로 136
0,서울한방진흥센터,약령중앙로 26(제기동 1082),
0,서일빌딩,상봉로 7(면목동),
0,서초센트럴IPARK,서초동 1582-3,서울 서초구 반포대로18길 36
0,석촌호수 나인파크,서울특별시 송파구 송파대로49길 52(석촌동 24-11),
0,센트럴IPARK 신축공사(현대산업개발㈜),삼성로 629(삼성동 22),
0,손정태(주의교회),오금로 477(거여동 21),
0,송파농업협동조합,송파대로 155,서울 송파구 송파대로 155
0,송파법조타운푸르지오,법원로4길 5(문정동 652 (주)대우건설 /송파법조타운푸르지오),
0,송파한화오벨리스크 관리위원회,충민로 5(문정동 622),
0,신사동 호텔 신축공사(코오롱글로벌㈜),신사동 587-20번지,
0,신세계인터내셔날,도산대로 449(청담동 97-5),
0,신영지웰아파트(한라건설),무학봉길 76 (하왕십리동)2개동,
0,신정변전소,"신정로 226, (신정동)",
0,신촌오피스텔신축공사,노고산동 57-50,서울 마포구 신촌로16길 29
0,신풍프라자(주)이오티앤디,가마산로48길 16(대림동 673),
0,아만티호텔,서교동 447-1,서울 마포구 월드컵북로 31
0,아주호텔서교,양화로 130(서교동)지하5층,
0,어울림 더 리버아파트(금호어울림아파트),독서당로40길 37 (옥수동)(8개동),
0,업무시설 신축공사(에이펙스종합건설(주)),신사동 501-2번지,서울 강남구 도산대로 107
0,에뜨와르오피스텔,한천로24길 70(장안동 381-1),
0,에스지개발(주),양재대로 246(염곡동 300-4),
0,에스케이건설(주)휘경2재개발구역 현장,휘경동 118-10,
0,에스케이증권,여의도동 45-1,서울 영등포구 국제금융로8길 31
0,에이스타워,통일로 92(순화동),
0,에이스하이엔드타워3,가산디지털1로 145(가산동 371-50),
0,엘지에클라트,테헤란로20길 19(역삼동 736-24),
0,엘지텔레콤,월드컵북로 416 (상암동),
0,엘지펠리스빌딩(조동선),홍익로6길 57 (동교동),
0,엠스테이트,"법원로 114(문정동 643-1, 엠스테이트)",
0,역삼대세빌딩 신축공사(트래콘건설),역삼동 736-58번지,서울 강남구 테헤란로26길 14
0,오투존스포츠센터(이경숙)/ 지리페,오금로 235(방이동 227-4),
0,올레오더블유,중구 마장로1길 22,서울 중구 마장로1길 22
0,와이즈플레이즈,강남대로66길 14(역삼동 837-13),
0,용산 파크타워,서빙고로 67 (용산동5가 24 ) 파크타워입주자대표회의,
0,용산kcc웰츠타워시티파크종합건설((주)인투빌),백범로90길 84-11,
0,용산씨티파크1단지,서빙고로 35,서울 용산구 서빙고로 35
0,용산아이피아대주피오레,청파로20길 9 (한강로2가),
0,우이신설 경전철㈜,삼양로 195(삼양동),
0,우일프라자,마장로 62,서울 중구 마장로 62
0,원앤온니 관광호텔,서교동 447-1,서울 마포구 월드컵북로 31
0,위례아이파크1차 아파트,"위례광장로 136(장지동, 1동 지하3층 ,위례신도시C1-3블록 ) 위례아이파크 1차아파트",
0,위례중앙푸르지오1단지 아파트,위례광장로 120(장지동 897 ),
0,유경 PSG자산운용GMK제11호,올림픽로35가길 125(신천동 7-13),
0,유정빌딩(허재순),백제고분로 503,서울 송파구 백제고분로 503
0,이대마곡병원,내발산동 157(마곡동 728-26),
0,이마트트레이더스월계점,월계동 333-1,서울 노원구 마들로3길 17
0,이성범,창경궁로 260(명륜2가),
0,이수종,시흥대로578(신림동 1643),
0,이영옥 (금호어울림 아파트),"신이문로 9(이문동 428 ,금호(A)어울림 )",
0,이지스사모부동산투자신탁25호,율곡로 6(중학동),
0,인도네시아대사관,여의대방로 380(여의도동 55),
0,일진사우나,충무로2길 15,
0,입주자대표회의(타워팰리스),"언주로30길 56(도곡동 467 ,타워팰리스 I )",
0,잠실M타워오피스텔 (아프로엠),올림픽로8길 7(잠실동 178),
0,장위5재정비촉진구역 주택재개발정비사업 아파트 신축공사,장위동 173-114,
0,장위7재정비촉진구역 주택재개발정비사업 아파트 신축공사(현대산업개발),장위동189-3,서울 성북구 돌곶이로40길 46
0,장위동 적환장,한천로 719,
0,재단법인 기독교재단,석촌호수로 162(삼전동 111-16),
0,조이마트,오패산로30길 25(송중동),서울 강북구 오패산로30길 39
0,㈜대명건설(구로구지식산업센터신축공사),구로동614-50,서울 구로구 경인로53가길 10
0,㈜대우건설,을지로 170-1,
0,㈜심플프로젝트컴퍼니,서울특별시 송파구 백제고분로36길 26(석촌동 60-8),
0,㈜탑종합건설,황학동 19,서울 중구 마장로9길 49-15
0,㈜포스코건설,을지로1가 101-1,서울 중구 을지로 35
0,창동월가타워,창4동 7(마들로11가길 6-25),
0,천지건설산업(주),"정의로3길 6 (문정동 646-2 ,11-1블록 ) 천지건설산업(주)",
0,충무로엘크루 메트로시티2,퇴계로49길 14,서울 중구 퇴계로49길 14
0,케이비부동산신탁㈜(AK프라자),회현동1가 194-19,
0,트리플렉스,문래동3가 46,서울 영등포구 문래북로 116
0,파르나스타워(송홍섭),테헤란로 521(삼성동 159-8),
0,파크팰리스(아파트),마포대로 143 (공덕동),
0,팬택,성암로 179 (상암동),
0,"프라비다옥토, 행복관리주식회사",법원로4길 17(문정동 652-1 ) 프라비다옥토,
0,한국기계진흥빌딩,"은행로37(여의도동13-31, 기계산업진흥회)",
0,한국산학협동단지,월드컵북로 402 (상암동),
0,한국소프트웨어 진흥원,월드컵북로 396 (상암동),
0,한국소프트웨어진흥원,월드컵북로 396 (상암동),
0,한양타워(주식회사 보성),법원로11길 12,서울 송파구 법원로11길 12
0,한외빌딩,다동길 43,서울 중구 다동길 43
0,해밀톤호텔이상용,이태원로 179 (이태원동 119-25 ),
0,해양환경관리공단,서울특별시 송파구 송파대로28길 28(가락동 79-6),
0,해창개발,가로공원로 133(신월동),
0,"현대산업개발㈜, 잠실올림픽아이파크",올림픽로43길 30(풍납동) 현대산업개발(주),
0,호반베르디움 관리사무소,"동남로 342, (지하)",
0,홍성한우만(유병임),필운대로 9-2(필운동),
0,홍익대학교,와우산로 94 (상수동),서울 마포구 와우산로 39-14
0,"화엄타워, 헤리움써미타워","법원로8길 13(문정동 651-6, (주)힘찬건설) 해리움써미타워",
0,효성해링턴타워,테헤란로4길 20(역삼동 825-24),
0,(주)GS건설,"올림픽로 25(잠실동, 917공구930정거장) 9호선,(주)GS건설",
0,(주)가든파이브툴,"충민로 10(문정동, 가든5툴동 10층 (주)가든파이브툴",
0,(주)비앤아이홀딩스,오금로 87(방이동 22-5),
0,(주)삼정씨엔에스,금천구 범안로 1126(가산동 687),서울 금천구 범안로 1126
0,"(주)이엔엠한양대점,엔터식스",왕십리로 222(행당동 17),
0,(주)파크하비오,송파대로 111(문정동 618),
0,(주)휴시스,"서울 강남구 논현로 520, 301호",
0,？현대백화점,천호대로 1005,서울 강동구 천호대로 1005
0,CJ건설㈜,남대문로4가 17-19,서울 중구 세종대로12길 12
0,KCC왈츠타워,자양로 116,서울 광진구 자양로 116
0,KCC웰츠밸리관리단,가산디지털1로 205(가산동 470-8),
0,KT데이타센타(계측기로변경),목1동 918-1,서울 양천구 목동동로 323
0,LG전자(주)단말연,가산디지털1로 51,서울 금천구 가산디지털1로 51
0,SKV1 center관리사무소,가산디지털1로 171(가산동 371-41),
0,SY빌딩,방학동 676-21,서울 도봉구 방학로3길 6
0,가락동 농수산물도매시장(5호(가락시장현대화)),양재대로 932(가락동 600),
0,가산대명밸리온,가산디지털2로 127-49(가산동 547-15),
0,거당건설,자동차시장1길 94-15 (용답동),
0,거당건설(오르세오피스텔),자동차시장1길 94-15 (용답동),
0,관리단대표회의,석촌호수로 230(석촌동 158-5),
0,금천구청장,시흥대로 73길 70,서울 금천구 시흥대로73길 70
0,금천노인종합복지관,시흥대로51길 93-32(시흥동 558-1),
0,김기찬,오금로44길 5(가락동 174-12) 김기찬,
0,김순영(계림종합건설),시흥동 992-20,서울 금천구 시흥대로57길 5
0,"김형관(서울숲S타워,ITCT지식산업센터)",서울특별시 성동구 성수일로 10(성수동1가),
0,뉴티캐슬운영위원회,가산디지털2로 108(가산동 429-1),
0,대림산업㈜,685-700(성수동1가),
0,대방디엠시티2차,마곡동로10길 23,서울 강서구 마곡동로10길 23
0,대방산업개발,마곡동로10길 23,서울 강서구 마곡동로10길 23
0,대보건설,서부샛길 714(가산동 535-7),
0,대신종합건설㈜,시흥대로 193,서울 금천구 시흥대로 193
0,대우건설(송문선),수락산로 4길 17,
0,더 루벤스밸리 운영위원회,"가산동 691-3,가산디지털1로 1 (가산동)",
0,더불유123빌딩,백제고분로41길 42-19(송파동32-2) 더불유123빌딩,
0,도로교통안전관리공단,왕십리로 407(신당동),
0,동대문 와이즈 캐슬,중구 퇴계로 75길 7,서울 중구 퇴계로75길 7
0,디지털엠파이어입주자대표,"가산동 685, 범안로 1130 (가산동)",
0,렉스모터스(내포레미콘),광나루로 228 (성수2가3동),
0,롯데건설(주) 하석주,"벚꽃로 88(독산동 1005 ,롯데건설 건축현장 )",
0,롯데정보통신(주),"가산동 533-2,가산디지털2로 179 (가산동)",
0,문정현대지식산업센터,"법원로11길 11(문정동 644, 6블럭,지식산업센터A동관리사무소 ,지하2층 )",
0,미켈란호수가,"석촌호수로 230(석촌동, 미켈란 호수가) 관리단대표회의",
0,박양순,백제고분로28길 29(삼전동 66) 박양순,
0,백상스타타워II,"가산동 459-22,가산디지털2로 165 (가산동)",
0,벽산6단지관리실,"금하로 796 (시흥동 1013-4, 벽산6단지)",
0,벽산디지털밸리6차입주대표,가산디지털1로 219,서울 금천구 가산디지털1로 219
0,병원부지,"송파대로 567(잠실동, 병원부지)",
0,비와이씨하이시티입주사대표회,가산디지털1로 131(가산동 371-17),
0,삼부르네상스플러스관리단,시흥대로152길 11-43(독산동 953),
0,삼성금융캠프스,사임당로23길 27(서초동 1641-10),
0,삼성엔지니어링(주),상일로6길 26,서울 강동구 상일로6길 26
0,삼익아파트,"독산로50길 89(시흥동 5-13,삼익아파트)",
0,서울숲엠타워 관리단,뚝섬로1길 31(성수동1가),
0,서울시새활용플라자(서울디자인재단),자동차시장길49 (용답동),
0,서울역 센트럴자이 아파트,중구 만리재로 175,서울 중구 만리재로 175
0,서울역한라비발디센트럴 아파트,중구 만리재로 177,서울 중구 만리재로 177
0,성수 SK V1 센터(B/C블럭),성수동2가 280번지,서울 성동구 아차산로17길 48
0,성수역skv1타워관리사무소,연무장5가길 25(성수동2가 315-61),
0,세계일보제작단 사옥(차준영),서부샛길 534,서울 금천구 서부샛길 534
0,세영종합건설(주),강남대로 525(반포동 722-21),
0,세종타워관리운영센터 (하우스디세종타워),성수일로10길 26(성수동2가),
0,송파두산위브,성내천로 103(오금동 135),
0,송파정형외과,가락로 99(석촌동 277) 이희태,
0,시티렉스상가관리단,"독산동 291-5,시흥대로 399 (독산동)",
0,신성미소지움,서부샛길 528(가산동 550-17),
0,신영건설,상계동 731-5,서울 노원구 동일로 1405
0,어바니엘 가산,가산디지털1로 205(가산동 470-8),
0,에스케이건설(주) 휘경2재개발구역 현장,휘경동 118-10,
0,에이스 하이엔드 7차,"가산동 345-33,가산디지털2로 67 (가산동)",
0,에이스빌딩 금진호,"서초대로41길 19(서초동 1720-2 ,지하1층관리실 )",
0,에이스하이앤드 3차,"가산동 371-50,가산디지털1로 145 (가산동)",
0,에이스하이엔드5차입주자자치회,가산디지털1로 226(가산동 505-18),
0,에이엠빌딩(주)효성,효령로55길 65(서초동 1597-7),
0,에하8차고객지원센터,가산디지털1로 84,서울 금천구 가산디지털1로 84
0,엘지유플러스,금하로597(시흥동998),
0,영시티(파운틴벨리),문래동3가 55-18(문래로28길15),
0,오투존스포츠센터(이경숙),오금로 235(방이동 227-4),
0,요진건설(흑석동 원불교),현충로 75,강원특별자치도 원주시 현충로 75
0,우리피앤에스(우리큐브),연무장11길 10(성수동2가),
0,우림라이온스밸리경영자협의회,우림라이온스밸리경영자협의회,서울 금천구 가산디지털1로 168
0,위례2차아이파크관리사무소,"정의로 70(문정동 640) , (지하)",
0,잠실M타워오피스텔,올림픽로8길 7(잠실동 178),
0,장원빌딩,백제고분로22길 27(삼전동 42-9) 장원빌딩,
0,장위5재정비촉진구역 주택재개발 정비사업 아파트 신축공사,장위동 173-114,
0,장위7재정비촉진구역 주택재개발 정비사업 아파트 신축공사(현대산업개발),장위동189-3,서울 성북구 돌곶이로40길 46
0,재능유통,가산디지털1로 186(가산동 459-11),
0,㈜롯대자산개발,하늘길 38,서울 강서구 하늘길 38
0,주식회사백영(백영성수센터),성수일로 56(성수동2가),
0,주양수기,"두산로 36(독산동 1133,진도아파트201동)",
0,㈜에스앤아이코퍼레이션,마곡중앙로 150,서울 강서구 마곡중앙로 150
0,청담동 5-18 근린생활 신축공사(승윤종합건설㈜),청담동 5-18번지,
0,최광일,백제고분로40길 5(석촌동 287-4) 최광일,
0,최창규,서부샛길 638(가산동 489-11),
0,"킨앤파트너스(성수동복합문화시설, 우란문화재단)",연무장7길 11(성수동2가),
0,태영건설,"동일로 151(성수동2가 280-6, 8)",
0,트래콘건설(부라다오피스텔),자동차시장1길 73(용답동 233-8),
0,팬코리아볼링센타,올림픽로 545(풍납동 504-2),
0,펌프개발쇼핑몰,불광로 20(대조동 240),
0,푸르지오시티,구천면로 192,서울 강동구 구천면로 192
0,한라시그마밸리입주자위원회,가산디지털2로 53(가산동 345-90),
0,한신코아오피스텔,올림픽로35가길 11(신천동 11-9) 한신코아오피스텔,
0,한화건설,노원로 38길 46,
0,현대건설(성수역현대테라스타워),서울특별시 성동구 연무장5가길 1(성수동2가),
0,현대산업개발㈜,올림픽로43길 30(풍납동) 현대산업개발(주),
0,현대산업개발㈜(장위7구역),장위동 18-3,
0,현대엔지리어링(주),정의로 70(문정동 640),
0,현대파라지앙,"목동서로 57, (목동)",
0,현대파크빌상가,"중대로 174(가락동 147-2, 상가 ,현대파크 ) 현대파크빌상가",
0,호림빌딩,"석촌호수로 176(삼전동, 일식호림)",
0,호텔신라 부설 주차장,중구 동호로 233,서울 중구 동호로 233
0,홀리데이인 성북(우영개발),종암로 123,서울 성북구 종암로 123
0,힐데스하임입주자대표,"진관3로 11(진관동 64 ,은평뉴타운 힐데스하임 )",
