Root,Type,Name
F:/지하수 기초조사 성과/2003년\천안(01_03)\기초자료\지하수관측망과정천,File,지하수위관측성과.xls
F:/지하수 기초조사 성과/2004년\대구(03_04)\조사자료\관련논문,File,대구지역 상부하양층군 사암의 광물조성과 지하수의 화학적.pdf
F:/지하수 기초조사 성과/2004년\대구(03_04)\조사자료\관측망,File,지표수관측성과(24회).xls
F:/지하수 기초조사 성과/2004년\대구(03_04)\조사자료\관측망,File,지하수관측성과(24회).xls
F:/지하수 기초조사 성과/2005년\칠곡(04_05)\보고서\부록II_자료편,File,F3.2. 지표수 유량 측정 성과.xls
F:/지하수 기초조사 성과/2006년\서산(05_06)\보고서\부록II_자료편,File,3.2. 지표수유량 측정성과.xls
F:/지하수 기초조사 성과/2007년,File,조사성과제출표준080305.xls
F:/지하수 기초조사 성과/2007년\구미(06_07)\4자료\측량,File,구미성과표(보링점).xls
F:/지하수 기초조사 성과/2007년\부천시흥(06_07),File,3 성과 Full CD 내용 제작양식.xls
F:/지하수 기초조사 성과/2007년\속초고성(06_07)\2보고서\부록II_자료편,File,03.정천현황조사성과.xls
F:/지하수 기초조사 성과/2007년\속초고성(06_07)\4현장사진첩\측량,File,측량성과(정리0802).hwp
F:/지하수 기초조사 성과/2007년\안성(06_07)\2보고서\부록II_자료편\9장_대수성시험,File,9.3 현장투수시험 성과표.xls
F:/지하수 기초조사 성과/2007년\양산(06_07)\1도형데이타\보고서삽도\보고서 부록(조사편)\ch04,File,그림4-35. YSE01 YSE02 조사 성과.jpg
F:/지하수 기초조사 성과/2007년\양산(06_07)\1도형데이타\보고서삽도\보고서 부록(조사편)\ch04,File,그림4-36. YSE03 YSE04 조사 성과.jpg
F:/지하수 기초조사 성과/2007년\양산(06_07)\1도형데이타\보고서삽도\보고서 부록(조사편)\ch04,File,그림4-37. YSE05 YSE06 조사 성과.jpg
F:/지하수 기초조사 성과/2007년\양산(06_07)\1도형데이타\보고서삽도\보고서 부록(조사편)\ch04,File,그림4-38. YSE07 YSE08 조사 성과.jpg
F:/지하수 기초조사 성과/2007년\양산(06_07)\2보고서\부록1_조사편\수록도면\ch04,File,그림4-35. YSE01 YSE02 조사 성과.jpg
F:/지하수 기초조사 성과/2007년\양산(06_07)\2보고서\부록1_조사편\수록도면\ch04,File,그림4-36. YSE03 YSE04 조사 성과.jpg
F:/지하수 기초조사 성과/2007년\양산(06_07)\2보고서\부록1_조사편\수록도면\ch04,File,그림4-37. YSE05 YSE06 조사 성과.jpg
F:/지하수 기초조사 성과/2007년\양산(06_07)\2보고서\부록1_조사편\수록도면\ch04,File,그림4-38. YSE07 YSE08 조사 성과.jpg
F:/지하수 기초조사 성과/2007년\양산(06_07)\2보고서\부록II_자료편\2정천현황조사,File,지하수개발이용실태조사성과_2334개소.xls
F:/지하수 기초조사 성과/2007년\양산(06_07)\3자료\11정천조사,File,지하수개발이용실태조사성과_2334개소.xls
F:/지하수 기초조사 성과/2007년\양산(06_07)\3자료\5수문지질\6 수문지질특성평가0923,File,지질암반요소성과0926.jpg
F:/지하수 기초조사 성과/2007년\양산(06_07)\3자료\5수문지질\6 수문지질특성평가0923,File,지질충적요소성과0926.jpg
F:/지하수 기초조사 성과/2007년\양산(06_07)\3자료\5수문지질\6 수문지질특성평가0923,File,지표표복성과0926.jpg
F:/지하수 기초조사 성과/2007년\양산(06_07)\3자료\5수문지질\6 수문지질특성평가0923,File,지표표복성과7.jpg
F:/지하수 기초조사 성과/2007년\양산(06_07)\3자료\5수문지질\6 수문지질특성평가0923,File,지형요소성과0926.jpg
F:/지하수 기초조사 성과/2007년\양산(06_07)\3자료\5수문지질\6 수문지질특성평가0923,File,흑백지질암반요소성과0926.jpg
F:/지하수 기초조사 성과/2007년\양산(06_07)\3자료\5수문지질\6 수문지질특성평가0923,File,흑백지질충적요소성과0926.jpg
F:/지하수 기초조사 성과/2007년\양산(06_07)\3자료\5수문지질\6 수문지질특성평가0923,File,흑백지표표복성과0926.jpg
F:/지하수 기초조사 성과/2007년\양산(06_07)\3자료\5수문지질\6 수문지질특성평가0923,File,흑백지형요소성과0926.jpg
F:/지하수 기초조사 성과/2007년\양산(06_07)\3자료\엑셀양식\4정천현황조사,File,지하수개발이용실태조사성과_2334개소.xls
F:/지하수 기초조사 성과/2007년\양산(06_07)\5현장사진첩\2정천현황조사,File,지하수개발이용실태조사성과_2334개소.xls
F:/지하수 기초조사 성과/2008년\양평(07_08)\4자료\6.지표수관측,File,지표수유량측정성과.xls
F:/지하수 기초조사 성과/2008년\여수(07_08)\2보고서\3.자료편\2 정천현황조사,File,2) 현장성과_정천(9933)_081015.xls
F:/지하수 기초조사 성과/2008년\여수(07_08)\4자료\2.관련논문,File,여수 북부 화산암 분포지역의 단열특성과 수리전도도와의 관계.pdf
F:/지하수 기초조사 성과/2008년\여수(07_08)\4자료\2.관련논문,File,여수 북부지역 화산암의 단열특성과 수리전도도와의 관계.pdf
F:/지하수 기초조사 성과/2008년\충주(07_08)\4자료\2.관련 논문,File,금산지역 고불소 지하수의 지구화학적 특성과 불소의 기원.pdf
F:/지하수 기초조사 성과/2008년\충주(07_08)\4자료\7.측량성과,File,충주측량성과도.hwp
F:/지하수 기초조사 성과/2009년\담양\준공성과품1\보고서\3. 자료편\2. 정천현황조사,File,2-2. 현장조사성과.xls
F:/지하수 기초조사 성과/2009년\담양\준공성과품1\자료\7. 측량성과,File,측량성과 일체.hwp
F:/지하수 기초조사 성과/2009년\담양\준공성과품2\종합분석평가\수질특성분석\담양수질분석결과\수문지질별,File,암반층(트라이아이스기-쥬라기산성과입화성암)-1.jpg
F:/지하수 기초조사 성과/2009년\담양\준공성과품2\종합분석평가\수질특성분석\담양수질분석결과\수문지질별,File,암반층(트라이아이스기-쥬라기산성과입화성암)-1.Rkw
F:/지하수 기초조사 성과/2009년\담양\준공성과품2\종합분석평가\수질특성분석\담양수질분석결과\수문지질별,File,암반층(트라이아이스기-쥬라기산성과입화성암).Rkw
F:/지하수 기초조사 성과/2009년\양동의\조사관련성과1\02종합분석평가\07관측망\자동관측정주변조사,File,2-2현장조사성과_최종(수정)-우물번호0616(도시각각번호순).xls
F:/지하수 기초조사 성과/2009년\양동의\조사관련성과2\03자료\2.관련논문\02 지질관련 논문자료,File,포천-의정부 일대에 분포하는 화강암류의 산성과 암석화학.PDF
F:/지하수 기초조사 성과/2009년\양동의\조사관련성과2\03자료\7.측량성과,File,측량성과표.hwp
F:/지하수 기초조사 성과/2009년\양동의\조사관련성과2\03자료\7.측량성과\기준점성과표,File,기준점성과표(1).bmp
F:/지하수 기초조사 성과/2009년\양동의\조사관련성과2\03자료\7.측량성과\기준점성과표,File,기준점성과표(2).bmp
F:/지하수 기초조사 성과/2009년\양동의\조사관련성과2\04현장사진첩\15.측량,File,측량성과표.hwp
F:/지하수 기초조사 성과/2009년\양동의\준공성과품,File,준공성과품-문서.xls
F:/지하수 기초조사 성과/2009년\음성\조사관련성과1\01보고서\3.자료편\02 정천현황조사,File,02-2. 현장조사성과.xls
F:/지하수 기초조사 성과/2009년\음성\조사관련성과1\01보고서\3.자료편\07 대수성시험\07-2. 대수성시험 기록지\기존공양수시험,File,pw-01 (성과표).xls
F:/지하수 기초조사 성과/2009년\음성\조사관련성과1\01보고서\3.자료편\07 대수성시험\07-2. 대수성시험 기록지\기존공양수시험,File,pw-02 (성과표).xls
F:/지하수 기초조사 성과/2009년\음성\조사관련성과1\01보고서\3.자료편\07 대수성시험\07-2. 대수성시험 기록지\기존공양수시험,File,pw-03 (성과표).xls
F:/지하수 기초조사 성과/2009년\음성\조사관련성과1\01보고서\3.자료편\07 대수성시험\07-2. 대수성시험 기록지\기존공양수시험,File,pw-04 (성과표).xls
F:/지하수 기초조사 성과/2009년\음성\조사관련성과1\01보고서\3.자료편\07 대수성시험\07-2. 대수성시험 기록지\기존공양수시험,File,pw-05 (성과표).xls
F:/지하수 기초조사 성과/2009년\음성\조사관련성과1\01보고서\3.자료편\07 대수성시험\07-2. 대수성시험 기록지\기존공양수시험,File,pw-06 (성과표).xls
F:/지하수 기초조사 성과/2009년\음성\조사관련성과1\01보고서\3.자료편\07 대수성시험\07-2. 대수성시험 기록지\기존공양수시험,File,pw-07 (성과표).xls
F:/지하수 기초조사 성과/2009년\음성\조사관련성과1\01보고서\3.자료편\07 대수성시험\07-2. 대수성시험 기록지\기존공양수시험,File,pw-08 (성과표).xls
F:/지하수 기초조사 성과/2009년\음성\조사관련성과1\01보고서\3.자료편\07 대수성시험\07-2. 대수성시험 기록지\기존공양수시험,File,pw-09 (성과표).xls
F:/지하수 기초조사 성과/2009년\음성\조사관련성과1\01보고서\3.자료편\07 대수성시험\07-2. 대수성시험 기록지\기존공양수시험,File,pw-10 (성과표).xls
F:/지하수 기초조사 성과/2009년\음성\조사관련성과1\01보고서\3.자료편\07 대수성시험\07-2. 대수성시험 기록지\기존공양수시험,File,pw-11 (성과표).xls
F:/지하수 기초조사 성과/2009년\음성\조사관련성과1\01보고서\3.자료편\07 대수성시험\07-2. 대수성시험 기록지\기존공양수시험,File,pw-12 (성과표).xls
F:/지하수 기초조사 성과/2009년\음성\조사관련성과1\01보고서\3.자료편\07 대수성시험\07-2. 대수성시험 기록지\기존공양수시험,File,pw-13 (성과표).xls
F:/지하수 기초조사 성과/2009년\음성\조사관련성과1\01보고서\3.자료편\07 대수성시험\07-2. 대수성시험 기록지\기존공양수시험,File,pw-14 (성과표).xls
F:/지하수 기초조사 성과/2009년\음성\조사관련성과1\01보고서\3.자료편\07 대수성시험\07-2. 대수성시험 기록지\기존공양수시험,File,pw-15 (성과표).xls
F:/지하수 기초조사 성과/2009년\음성\조사관련성과1\01보고서\3.자료편\07 대수성시험\07-2. 대수성시험 기록지\기존공양수시험,File,pw-16 (성과표).xls
F:/지하수 기초조사 성과/2009년\음성\조사관련성과1\01보고서\3.자료편\07 대수성시험\07-2. 대수성시험 기록지\기존공양수시험,File,pw-17 (성과표).xls
F:/지하수 기초조사 성과/2009년\음성\조사관련성과1\01보고서\3.자료편\07 대수성시험\07-2. 대수성시험 기록지\기존공양수시험,File,pw-18 (성과표).xls
F:/지하수 기초조사 성과/2009년\음성\조사관련성과1\01보고서\3.자료편\07 대수성시험\07-2. 대수성시험 기록지\기존공양수시험,File,pw-19 (성과표).xls
F:/지하수 기초조사 성과/2009년\음성\조사관련성과1\01보고서\3.자료편\07 대수성시험\07-2. 대수성시험 기록지\기존공양수시험,File,pw-20 (성과표).xls
F:/지하수 기초조사 성과/2009년\음성\조사관련성과1\01보고서\3.자료편\07 대수성시험\07-2. 대수성시험 기록지\기존공양수시험,File,pw-21 (성과표).xls
F:/지하수 기초조사 성과/2009년\음성\조사관련성과1\01보고서\3.자료편\07 대수성시험\07-2. 대수성시험 기록지\기존공양수시험,File,pw-22 (성과표).xls
F:/지하수 기초조사 성과/2009년\음성\조사관련성과1\01보고서\3.자료편\07 대수성시험\07-2. 대수성시험 기록지\기존공양수시험,File,pw-23 (성과표).xls
F:/지하수 기초조사 성과/2009년\음성\조사관련성과1\01보고서\3.자료편\07 대수성시험\07-2. 대수성시험 기록지\기존공양수시험,File,pw-24 (성과표).xls
F:/지하수 기초조사 성과/2009년\음성\조사관련성과1\01보고서\3.자료편\07 대수성시험\07-2. 대수성시험 기록지\기존공양수시험,File,pw-25 (성과표).xls
F:/지하수 기초조사 성과/2009년\음성\조사관련성과1\01보고서\3.자료편\07 대수성시험\07-2. 대수성시험 기록지\기존공양수시험,File,pw-26 (성과표).xls
F:/지하수 기초조사 성과/2009년\음성\조사관련성과1\01보고서\3.자료편\07 대수성시험\07-2. 대수성시험 기록지\기존공양수시험,File,pw-27 (성과표).xls
F:/지하수 기초조사 성과/2009년\음성\조사관련성과1\01보고서\3.자료편\07 대수성시험\07-2. 대수성시험 기록지\기존공양수시험,File,pw-28 (성과표).xls
F:/지하수 기초조사 성과/2009년\음성\조사관련성과1\01보고서\3.자료편\07 대수성시험\07-2. 대수성시험 기록지\기존공양수시험,File,pw-29 (성과표).xls
F:/지하수 기초조사 성과/2009년\음성\조사관련성과1\01보고서\3.자료편\07 대수성시험\07-2. 대수성시험 기록지\기존공양수시험,File,pw-30 (성과표).xls
F:/지하수 기초조사 성과/2009년\정읍\조사관련성과2\4.자료\1.일반현황\수문조사연보2008\유량편\유량측정성과표,File,금강홍수통제소 유량측정 성과표.xls
F:/지하수 기초조사 성과/2009년\정읍\조사관련성과2\4.자료\1.일반현황\수문조사연보2008\유량편\유량측정성과표,File,낙동강홍수통제소 유량측정 성과표.xls
F:/지하수 기초조사 성과/2009년\정읍\조사관련성과2\4.자료\1.일반현황\수문조사연보2008\유량편\유량측정성과표,File,영산강홍수통제소 유량측정 성과표.xls
F:/지하수 기초조사 성과/2009년\정읍\조사관련성과2\4.자료\1.일반현황\수문조사연보2008\유량편\유량측정성과표,File,유량측정 성과표 목차.xls
F:/지하수 기초조사 성과/2009년\정읍\조사관련성과2\4.자료\1.일반현황\수문조사연보2008\유량편\유량측정성과표,File,한강홍수통제소 유량측정 성과표.xls
F:/지하수 기초조사 성과/2009년\정읍\조사관련성과2\4.자료\1.일반현황\수문조사연보2008\유량편\유량측정성과표,File,한국수자원공사 유량측정 성과표.xls
F:/지하수 기초조사 성과/2009년\태안\조사관련성과1\01-0 보고서\01-3 자료편,File,2-2 현장조사 성과.xls
F:/지하수 기초조사 성과/2010년\광주하남\CD1\자료\18.측량성과,File,측량성과표.hwp
F:/지하수 기초조사 성과/2010년\광주하남\CD2\현장사진첩\15.측량,File,측량성과표.hwp
F:/지하수 기초조사 성과/2010년\광주하남\CD2\현장사진첩\15.측량\기준점성과표,File,기준점성과표.jpg
F:/지하수 기초조사 성과/2010년\광주하남\보고서CD\수문지질\보고서,File,부록2-자료편-시설전수조사성과.pdf
F:/지하수 기초조사 성과/2010년\나주,File,나주기초조사성과입력 자료부족.xlsx
F:/지하수 기초조사 성과/2010년\상주\CD1\01_보고서\03_자료편,File,02장_지하수시설현황조사_2-2_현장조사 성과.xls
F:/지하수 기초조사 성과/2010년\순창\CD1,File,조사성과제출표준110503.xls
F:/지하수 기초조사 성과/2010년\순창\CD2\조사관측수집자료\1.일반현황\수문조사연보_2008\유량\유량편\유량측정성과표,File,금강홍수통제소 유량측정 성과표.xls
F:/지하수 기초조사 성과/2010년\순창\CD2\조사관측수집자료\1.일반현황\수문조사연보_2008\유량\유량편\유량측정성과표,File,낙동강홍수통제소 유량측정 성과표.xls
F:/지하수 기초조사 성과/2010년\순창\CD2\조사관측수집자료\1.일반현황\수문조사연보_2008\유량\유량편\유량측정성과표,File,영산강홍수통제소 유량측정 성과표.xls
F:/지하수 기초조사 성과/2010년\순창\CD2\조사관측수집자료\1.일반현황\수문조사연보_2008\유량\유량편\유량측정성과표,File,유량측정 성과표 목차.xls
F:/지하수 기초조사 성과/2010년\순창\CD2\조사관측수집자료\1.일반현황\수문조사연보_2008\유량\유량편\유량측정성과표,File,한강홍수통제소 유량측정 성과표.xls
F:/지하수 기초조사 성과/2010년\순창\CD2\조사관측수집자료\1.일반현황\수문조사연보_2008\유량\유량편\유량측정성과표,File,한국수자원공사 유량측정 성과표.xls
F:/지하수 기초조사 성과/2010년\진천\pdf\부록 II-자료편\추가보완자료,File,2.2현장조사 성과.pdf
F:/지하수 기초조사 성과/2010년\진천\보고서 배포용 CD\3.자료편\2.지하수시설 전수조사,File,2.2 현장조사성과.xls
F:/지하수 기초조사 성과/2010년\춘천\CD1,File,조사성과CD_DVD파일 구성.xlsx
F:/지하수 기초조사 성과/2010년\춘천\CD2,File,조사성과CD_DVD파일 구성.xlsx
F:/지하수 기초조사 성과/2010년\춘천\CD3,File,조사성과CD_DVD파일 구성.xlsx
F:/지하수 기초조사 성과/2010년\춘천\CD3\조사_관측_수집자료\16.측량성과,File,측량성과표.hwp
F:/지하수 기초조사 성과/2010년\춘천\CD4,File,조사성과CD_DVD파일 구성.xlsx
F:/지하수 기초조사 성과/2010년\춘천\CD4\현장사진첩\15.측량,File,측량성과표.hwp
F:/지하수 기초조사 성과/2011년\군위\04자료\02 세부수리지질조사\07측량,File,수준점성과표.hwp
F:/지하수 기초조사 성과/2011년\군위\04자료\02 세부수리지질조사\07측량,File,측량도근점성과표.hwp
F:/지하수 기초조사 성과/2011년\군위\보완자료_2017_구축,File,군위_성과제출목록_170829.xls
F:/지하수 기초조사 성과/2011년\군위\보완자료요청_성지_회신_2017,File,171228_성과물추가요청_자료정리결과_군위_성지.xlsx
F:/지하수 기초조사 성과/2011년\군위\보완자료요청_성지_회신_2017,File,171229_군위_성과제출목록_성지성과물회신반영.xls
F:/지하수 기초조사 성과/2011년\원주(16.02.04)\보완자료_2017_구축,File,원주_성과제출목록_170814.xls
F:/지하수 기초조사 성과/2011년\원주(16.02.04)\보완자료요청_성지_회신_2017,File,171228_성과물추가요청_자료정리결과_원주_성지.xlsx
F:/지하수 기초조사 성과/2011년\원주(16.02.04)\보완자료요청_성지_회신_2017,File,171229_원주_성과제출목록_성지성과물회신반영.xls
F:/지하수 기초조사 성과/2011년\함양\00 조사성과물제출\보완자료_2017_구축,File,180118_함양_성과제출목록_도화제출반영.xls
F:/지하수 기초조사 성과/2011년\함양\00 조사성과물제출\보완자료_2017_구축,File,함양_성과제출목록_170726.xls
F:/지하수 기초조사 성과/2011년\함양\00 조사성과물제출\보완자료_2017_구축\180102_함양지역 성과물 누락분 제출_도화,File,171221_성과물추가요청_함양지역_도화.xlsx
F:/지하수 기초조사 성과/2011년\함양\00 조사성과물제출\보완자료_2017_구축\180102_함양지역 성과물 누락분 제출_도화,File,180102_함양지역 성과물 누락분 제출.eml
F:/지하수 기초조사 성과/2011년\함양\00 조사성과물제출\보완자료_2017_구축\180102_함양지역 성과물 누락분 제출_도화\함양지역 기초조사_성과품제출,File,171221_성과물추가요청_함양지역_도화.xlsx
F:/지하수 기초조사 성과/2012년\구례\보완자료_2017_구축,File,구례_성과제출목록_170915.xls
F:/지하수 기초조사 성과/2012년\구례\보완자료요청_한종_회신_2017,File,171222_성과물추가요청_구례지역_한종.xlsx
F:/지하수 기초조사 성과/2012년\구례\보완자료요청_한종_회신_2017,File,171229_구례_성과제출목록_한종성과물회신반영.xls
F:/지하수 기초조사 성과/2012년\예천\00보고서\3.자료편\10자문,File,10-4-1 성과평가조치결과- 자문위원.hwp
F:/지하수 기초조사 성과/2012년\예천\00보고서\3.자료편\10자문,File,10-4-2 성과평가조치결과- 성과평가.hwp
F:/지하수 기초조사 성과/2012년\예천\보완자료_2017_구축,File,예천_성과제출목록_171120.xls
F:/지하수 기초조사 성과/2012년\완도\보완자료_2017_구축,File,완도_성과제출목록_170915.xls
F:/지하수 기초조사 성과/2012년\완도\보완자료요청_도화_회신_2017,File,171229_완도_성과제출목록_도화성과물회신추가.xls
F:/지하수 기초조사 성과/2012년\완도\보완자료요청_도화_회신_2017\171227_완도요청자료회신_도화,File,171227_성과물추가요청_완도지역_도화.xlsx
F:/지하수 기초조사 성과/2012년\의령,File,조사성과물제출.zip
F:/지하수 기초조사 성과/2012년\의령\보완자료_2017_구축,File,의령_성과제출목록_170928.xls
F:/지하수 기초조사 성과/2012년\청도\보완자료_2017_구축,File,청도_성과제출목록_170922.xls
F:/지하수 기초조사 성과/2012년\청도\보완자료요청_성지_회신_2017,File,171228_성과물추가요청_자료정리결과_청도_성지.xlsx
F:/지하수 기초조사 성과/2012년\청도\보완자료요청_성지_회신_2017,File,171229_청도_성과제출목록_성지성과물회신반영.xls
F:/지하수 기초조사 성과/2012년\태백\보완자료_2017_구축,File,태백_성과제출목록_170907.xls
F:/지하수 기초조사 성과/2012년\태백\보완자료요청_성지_회신_2017,File,171228_성과물추가요청_자료정리결과_태백_성지.xlsx
F:/지하수 기초조사 성과/2012년\태백\보완자료요청_성지_회신_2017,File,171229_태백_성과제출목록_성지성과물회신반영.xls
F:/지하수 기초조사 성과/2013년\고성\보완자료_2017_구축,File,180118_고성_성과제출목록_지오그린회신반영.xls
F:/지하수 기초조사 성과/2013년\고성\보완자료_2017_구축,File,고성_성과제출목록_171114.xls
F:/지하수 기초조사 성과/2013년\고성\보완자료_2017_구축\180104_고성지역_성과물회신_지오그린,File,171229_성과물추가요청_고성지역.xlsx
F:/지하수 기초조사 성과/2013년\고성\보완자료_2017_구축\180104_고성지역_성과물회신_지오그린,File,180104_성과물추가요청_확인_고성지역_지오그린.xlsx
F:/지하수 기초조사 성과/2013년\공주\4.자료\16.측량자료,File,측량성과표.hwp
F:/지하수 기초조사 성과/2013년\공주\보완자료_2017_구축,File,180118_공주_성과제출목록_유신회신반영.xls
F:/지하수 기초조사 성과/2013년\공주\보완자료_2017_구축,File,공주_성과제출목록_171020.xls
F:/지하수 기초조사 성과/2013년\공주\보완자료_2017_구축\180108_공주성과물회신_유신,File,171228_성과물추가요청_공주지역.xlsx
F:/지하수 기초조사 성과/2013년\공주\보완자료_2017_구축\180108_공주성과물회신_유신,File,180109_성과물추가요청_공주지역_회신확인_유신.xlsx
F:/지하수 기초조사 성과/2013년\광양\보완자료_2017_구축,File,광양_성과제출목록_171030.xls
F:/지하수 기초조사 성과/2013년\화성-오산\보완자료_2017_구축,File,180118_화성-오산_성과제출목록_삼안회신반영.xls
F:/지하수 기초조사 성과/2013년\화성-오산\보완자료_2017_구축,File,화성-오산_성과제출목록_171013.xls
F:/지하수 기초조사 성과/2013년\화성-오산\보완자료_2017_구축\180118_화성오산_회신자료_삼안,File,171228_성과물추가요청_화성오산지역.xlsx
F:/지하수 기초조사 성과/2013년\화성-오산\보완자료_2017_구축\180118_화성오산_회신자료_삼안,File,171228_성과물추가요청_화성오산지역_회신.xlsx
F:/지하수 기초조사 성과/2013년\화성-오산\현장사진첩\14 측량\화성측량점의조서-성과심사,File,성과심사.xls
F:/지하수 기초조사 성과/2014년\옥천\6. 기타,File,00.조사성과제출기준160126_옥천.xls
F:/지하수 기초조사 성과/2014년\평창\보완자료_2017_구축,File,180118_평창_성과제출목록_한종제출반영.xls
F:/지하수 기초조사 성과/2014년\평창\보완자료_2017_구축,File,평창_성과제출목록_171130.xls
F:/지하수 기초조사 성과/2014년\평창\보완자료_2017_구축\180104_평창지역 지하수 기초조사회신_한종,File,171229_성과물추가요청_평창지역.xlsx
F:/지하수 기초조사 성과/2014년\평창\보완자료_2017_구축\180104_평창지역 지하수 기초조사회신_한종,File,180104_성과물추가요청회신_평창지역_한종.xlsx
F:/지하수 기초조사 성과/2015년\논산계룡\보고서_지하수지도\2.조사편\3.수록도면\제 4 장 세부수리지질조사\그림 4-5 지표수 유량관측 성과,File,그림 4-5 지표수 유량관측 성과.jpg
F:/지하수 기초조사 성과/2015년\논산계룡\보고서_지하수지도\3.자료편\11 측량성과,File,11-3 성과표.xls
F:/지하수 기초조사 성과/2015년\논산계룡\보고서_지하수지도\3.자료편\12 자문 및 평가의견서,File,12-2 성과평가 조치결과.hwp
F:/지하수 기초조사 성과/2015년\논산계룡\수집자료\17.측량성과,File,기준점성과표.jpg
F:/지하수 기초조사 성과/2015년\논산계룡\수집자료\2.관련논문,File,논산지역 지하수중 우라늄과 라돈의 수리지질학적 특성과 정밀함량분포.PDF
"F:/지하수 기초조사 성과/2015년\사천\01_조사성과1\보고서\1.본보고서\필수도면(본보고서)\4장 지하수 부존 및 산출특성\4-10 지하수,하천수위 상호관계\(b) 상호관계 그래프",File,완사천 유량측정 성과.jpg
F:/지하수 기초조사 성과/2015년\사천\01_조사성과1\보고서\2.조사편\필수도면(부록1)\4장 세부 수리지질조사\4-16 지하수-하천수위 상호관계\(b) 상호관계 그래프,File,완사천 유량측정 성과.jpg
F:/지하수 기초조사 성과/2015년\사천\01_조사성과1\보고서\3.자료편\PDF,File,11-1 사천지역성과평가조치결과.pdf
F:/지하수 기초조사 성과/2015년\사천\01_조사성과1\보고서\3.자료편\원본,File,11-1 사천지역성과평가조치결과.hwp
F:/지하수 기초조사 성과/2015년\사천\02_조사성과3\종합분석평가\3.수위유량특성평가\지표-지하수 수위특성 및 상관성 분석\(b) 상호관계 그래프,File,완사천 유량측정 성과.jpg
F:/지하수 기초조사 성과/2015년\사천\02_조사성과4\수집자료\18.측량성과,File,국가기준점 성과발급o0969.pdf
F:/지하수 기초조사 성과/2015년\사천\02_조사성과4\수집자료\18.측량성과,File,국가기준점 성과발급u0966.pdf
F:/지하수 기초조사 성과/2015년\사천\02_조사성과4\수집자료\18.측량성과,File,성과심사.xls
F:/지하수 기초조사 성과/2015년\사천\02_조사성과4\수집자료\19.자문결과 및 조치결과서,File,사천지역성과평가조치결과.hwp
F:/지하수 기초조사 성과/2015년\사천\02_조사성과5\현장사진첩\15.측량성과,File,성과심사.xls
F:/지하수 기초조사 성과/2015년\산청\1 산청 보고서 CD\산청 보고서_지하수지도\3.자료편\11.성과평가결과_및_제언_조치결과조치현황_산청,File,11.성과평가결과_및_제언_조치결과조치현황_산청.hwp
F:/지하수 기초조사 성과/2015년\산청\1 산청 보고서 CD\산청 보고서_지하수지도\3.자료편\경남산청성과표(측량),File,측량성과체크리스트.xls
F:/지하수 기초조사 성과/2015년\산청\3 산청 분석성과 및 수집자료 CD\조사관측수집자료\17.측량성과\경남산청성과표(측량),File,측량성과체크리스트.xls
F:/지하수 기초조사 성과/2015년\산청\3 산청 분석성과 및 수집자료 CD\조사관측수집자료\18.자문결과 및 조치결과서,File,성과평가결과_및_제언_조치결과조치현황_산청.hwp
F:/지하수 기초조사 성과/2015년\산청\4. 보고서 수록도면CD\필수도면(부록I)\제 4 장 세부수리지질조사\그림 4-4 지표수 유량관측 성과,File,그림 4-4 지표수 유량관측 성과.bmp
F:/지하수 기초조사 성과/2015년\성주\보고서_지하수지도\2.조사편\3.수록도면\제 4 장 세부수리지질조사\그림 4-4 지표수 유량관측 성과,File,그림 4-4 지표수 유량관측 성과.jpg
F:/지하수 기초조사 성과/2015년\성주\보고서_지하수지도\3.자료편\11 측량성과,File,11-1 측량성과.xls
F:/지하수 기초조사 성과/2015년\성주\보고서_지하수지도\3.자료편\11 측량성과,File,11-3 성과표.xls
F:/지하수 기초조사 성과/2015년\성주\보고서_지하수지도\3.자료편\12 자문 및 평가의견서,File,12-1 성과평가 조치결과.hwp
F:/지하수 기초조사 성과/2015년\성주\수집자료\17.측량성과,File,도근성과표(성주).xls
F:/지하수 기초조사 성과/2015년\성주\수집자료\17.측량성과,File,성주 성과표.xlsx
F:/지하수 기초조사 성과/2015년\옥천,File,옥천기초조사_성과제출_CD.z01
F:/지하수 기초조사 성과/2015년\옥천,File,옥천기초조사_성과제출_CD.z02
F:/지하수 기초조사 성과/2015년\옥천,File,옥천기초조사_성과제출_CD.z03
F:/지하수 기초조사 성과/2015년\옥천,File,옥천기초조사_성과제출_CD.zip
F:/지하수 기초조사 성과/2015년\제천\1. 보고서 CD\수문지질\보고서\3. 제천지역 지하수 기초조사 - 부록Ⅱ 자료편\HWP,File,부Ⅱ자료편_11 측량성과_점의조서.hwp
F:/지하수 기초조사 성과/2015년\제천\3. 분석성과 및 수집자료\수집자료\18측량성과,File,측량성과_점의조서.hwp
F:/지하수 기초조사 성과/2015년\제천\6. 현장 조사 사진첩\15 측량성과,File,측량성과_점의조서.hwp
F:/지하수 기초조사 성과/2016년\강릉\1. 보고서\3. 자료편,File,부Ⅱ자료편_11-0 측량성과.hwp
F:/지하수 기초조사 성과/2016년\강릉\1. 보고서\3. 자료편,File,부Ⅱ자료편_12-2 성과평가 조치사항.hwp
F:/지하수 기초조사 성과/2016년\강릉\1. 보고서\3. 자료편\Excel,File,부Ⅱ자료편_11-0-1 측량성과_GPS측량보고서.xls
F:/지하수 기초조사 성과/2016년\강릉\1. 보고서\3. 자료편\Excel,File,부Ⅱ자료편_11-0-2 측량성과_도근성과표.xls
F:/지하수 기초조사 성과/2016년\강릉\3. 분석성과 및 수집자료\수집자료\17. 측량성과,File,측량성과_GPS측량보고서.xls
F:/지하수 기초조사 성과/2016년\강릉\3. 분석성과 및 수집자료\수집자료\17. 측량성과,File,측량성과_도근성과표.xls
F:/지하수 기초조사 성과/2016년\강릉\3. 분석성과 및 수집자료\수집자료\18. 자문결과 및 조치결과서,File,강릉지역 성과평가결과_조치사항.hwp
F:/지하수 기초조사 성과/2016년\강릉\4. 보고서 수록도면\조사편 수록도면\4장,File,그림 4-9 지표수 유량관측 성과_(a) GNRF-1.jpg
F:/지하수 기초조사 성과/2016년\강릉\4. 보고서 수록도면\조사편 수록도면\4장,File,그림 4-9 지표수 유량관측 성과_(b) GNRF-2.jpg
F:/지하수 기초조사 성과/2016년\강릉\6. 현장조사 사진첩\15. 측량성과,File,측량성과_GPS측량보고서.xlsx
F:/지하수 기초조사 성과/2016년\강릉\pdf\부록,File,부록Ⅱ 자료편_11 측량성과.pdf
F:/지하수 기초조사 성과/2016년\김포\1. 보고서\02_조사편\수록도면\4장,File,4-12 지표수 유량관측 성과.jpg
F:/지하수 기초조사 성과/2016년\김포\3. 분석성과 및 수집자료\03_수집자료\18_측량성과,File,측량성과.hwp
F:/지하수 기초조사 성과/2016년\김포\4. 보고서 수록도면\05_삽도\02_조사편\4장,File,4-12 지표수 유량관측 성과.jpg
F:/지하수 기초조사 성과/2016년\부안\1. 부안 보고서\보고서\3.자료편\11. 측량성과,File,성과표.pdf
F:/지하수 기초조사 성과/2016년\부안\1. 부안 보고서\보고서\3.자료편\11. 측량성과,File,측량성과 취합.pdf
F:/지하수 기초조사 성과/2016년\부안\3. 분석성과 및 수집자료\조사관측수집자료\18.측량성과,File,측량성과 취합.pdf
F:/지하수 기초조사 성과/2016년\부안\3. 분석성과 및 수집자료\조사관측수집자료\19. 자문결과 및 조치결과서,File,성과평가결과_조치사항(부안).hwp
F:/지하수 기초조사 성과/2016년\부안\3. 분석성과 및 수집자료\조사관측수집자료\2.관련논문,File,"양수시험 - 국내 연구성과, 적용 및 제언.pdf"
F:/지하수 기초조사 성과/2016년\안동\1. 보고서 CD\수문지질\보고서\3. 안동지역 지하수 기초조사 - 부록Ⅱ 자료편\HWP,File,부Ⅱ자료편_11-0 측량성과_점의조서.hwp
F:/지하수 기초조사 성과/2016년\안동\1. 보고서 CD\수문지질\보고서\3. 안동지역 지하수 기초조사 - 부록Ⅱ 자료편\HWP,File,부Ⅱ자료편_11-1 측량성과_점의조서.xls
F:/지하수 기초조사 성과/2016년\안동\3. 분석성과 및 수집자료\수집자료\18측량성과,File,2측량성과_점의조서.xls
F:/지하수 기초조사 성과/2016년\안동\3. 분석성과 및 수집자료\수집자료\1일반현황\15. 시정백서,File,제2편 부문별 시정추진 성과.pdf
F:/지하수 기초조사 성과/2016년\안동\4. 보고서 수록 도면\부록1\4장 세부수리지질조사\4-10 지표수 유량측정 성과,File,지표수 유량관측 성과(ADRF-1).jpg
F:/지하수 기초조사 성과/2016년\안동\4. 보고서 수록 도면\부록1\4장 세부수리지질조사\4-10 지표수 유량측정 성과,File,지표수 유량관측 성과(ADRF-2).jpg
F:/지하수 기초조사 성과/2016년\홍천\1. 보고서\03 자료편,File,부2_17 14장 측량 성과품.hwp
"F:/지하수 기초조사 성과/2016년\홍천\3. 분석성과 및 수집자료\조사,관측,수집자료\18 측량성과",File,01 측량성과 일체.hwp
F:/지하수 기초조사 성과/2016년\횡성\1. 보고서\2. 조사편\삽도\04_ch4_세부수리지질조사,File,4-9 지표수 유량관측 성과.jpg
F:/지하수 기초조사 성과/2016년\횡성\1. 보고서\3. 자료편,File,8-2 기준점측량 및 측량성과.hwp
F:/지하수 기초조사 성과/2016년\횡성\3. 분석성과 및 수집자료\수집자료\1.일반현황\통계연보\2015년 통계연보,File,c1.6.1.2_횡성군의 특성과 현황.pdf
F:/지하수 기초조사 성과/2017년\고령\01 보고서 지하수지도\2.조사편\03 수록도면\4장 세부 수리지질조사\그림 4-4 지표수 유량관측 성과,File,그림 4-4 지표수 유량관측 성과.jpg
F:/지하수 기초조사 성과/2017년\고령\01 보고서 지하수지도\3.자료편\11 측량성과,File,11 측량성과.xls
F:/지하수 기초조사 성과/2017년\고령\07 필수도면(부록I)\4장 세부 수리지질조사\그림 4-4 지표수 유량관측 성과,File,그림 4-4 지표수 유량관측 성과.jpg
F:/지하수 기초조사 성과/2017년\고령\07 필수도면(부록I)\4장 세부 수리지질조사\그림 4-4 지표수 유량관측 성과,File,지표수 유량관측 성과.xlsx
F:/지하수 기초조사 성과/2017년\광명안산군포\조사성과제출자료(광명안산군포),File,조사성과제출기준.xls
F:/지하수 기초조사 성과/2017년\광명안산군포\조사성과제출자료(광명안산군포)\3. 분석성과 및 수집자료 CD\조사관측수집자료\2.관련논문,File,"양수시험 - 국내 연구성과, 적용 및 제언.pdf"
"F:/지하수 기초조사 성과/2017년\부여\CD4_조사성과4\조사,관측,수집자료\02관련논문",File,논산지역 지하수 중 우라늄과 라돈의 수리지질학적 특성과 정밀함량분포.pdf
"F:/지하수 기초조사 성과/2017년\부여\CD4_조사성과4\조사,관측,수집자료\18측량성과",File,측량성과표(부여).pdf
F:/지하수 기초조사 성과/2017년\부여\CD5_조사성과5\현장사진첩\15 측량성과,File,01측량성과표.hwp
F:/지하수 기초조사 성과/2017년\순천\CD1 조사성과1(보고서)\03 자료편,File,부14 10장 측량 성과품.hwp
"F:/지하수 기초조사 성과/2017년\순천\CD4 조사성과4(조사,관측,수집자료)\18 측량성과",File,01 측량성과 일체.hwp
F:/지하수 기초조사 성과/2017년\순천\CD7 조사성과5-3(현장사진첩)\12 측량성과,File,측량성과.hwp
F:/지하수 기초조사 성과/2017년\정선\보고서 수록도면CD\필수도면-부록1\4장 세부 수리지질조사\4-10 지표수 유량관측 성과 (JSH-02),File,지표수 유량관측 성과 (JSH-02).xlsx
F:/지하수 기초조사 성과/2017년\정선\보고서 수록도면CD\필수도면-부록1\4장 세부 수리지질조사\4-11 지표수 유량관측 성과 (JSH-03),File,지표수 유량관측 성과 (JSH-03).xlsx
F:/지하수 기초조사 성과/2017년\정선\보고서 수록도면CD\필수도면-부록1\4장 세부 수리지질조사\4-12 지표수 유량관측 성과 (JSH-04),File,지표수 유량관측 성과 (JSH-04).xlsx
F:/지하수 기초조사 성과/2017년\정선\보고서 수록도면CD\필수도면-부록1\4장 세부 수리지질조사\4-9 지표수 유량관측 성과 (JSH-01),File,지표수 유량관측 성과 (JSH-01).xlsx
F:/지하수 기초조사 성과/2017년\파주\파주최종성과품\조사성과1\보고서\3.자료편,File,부2_17 13장 측량 성과품.hwp
F:/지하수 기초조사 성과/2017년\파주\파주최종성과품\조사성과4\조사관측수집자료\자료\17.측량,File,161215 측량성과표_최종.hwp
F:/지하수 기초조사 성과/2017년\파주\파주최종성과품\조사성과4\현장사진첩\15.측량성과\목록화일,File,측량성과.xlsx
F:/지하수 기초조사 성과/2018년\동해삼척\분석성과 및 수집자료\03_수집자료\18_측량성과,File,01_측량성과.xls
F:/지하수 기초조사 성과/2018년\목포무안(보완조사)\CD1 조사성과1(보고서)\03 부록2,File,부11 10장 목포무안지역 지하수 보완조사 성과평가 의견 조치사항.hwp
F:/지하수 기초조사 성과/2018년\목포무안(보완조사)\CD1 조사성과1(보고서)\03 부록2,File,자문및성과평가반영여부.hwp
"F:/지하수 기초조사 성과/2018년\목포무안(보완조사)\CD4 조사성과4(조사,관측,수집자료)\13 자문의견조치사항",File,자문및성과평가반영여부.hwp
F:/지하수 기초조사 성과/2018년\문경\조사성과1-1\3자료편\보고서\PDF,File,부록Ⅱ자료편_11 측량 성과.pdf
F:/지하수 기초조사 성과/2018년\문경\조사성과1-1\3자료편\보고서\한글,File,부록Ⅱ자료편_11 측량 성과.hwp
F:/지하수 기초조사 성과/2018년\문경\조사성과4-1\조사관측수집자료\1.일반현황\기타\문경시 지반정보\B4229\LIB\IMAGE\REPORT\2015_5_21_1_17_0,File,5장-토공성과(국도34호선).hwp
F:/지하수 기초조사 성과/2018년\문경\현장사진첩\15.측량,File,측량 성과 결과.pdf
F:/지하수 기초조사 성과/2018년\영광(보완조사)\조사성과1\보고서\2. 조사편\수록도면\부04 ch4 세부지질조사,File,4-53 지표수 유량관측 성과.jpg
F:/지하수 기초조사 성과/2018년\용인(보완조사)\2.조사성과4\조사관측수집자료\1.일반현황_\2020년도시기본계획,File,제1장 02절 도시의 특성과 현황.pdf
F:/지하수 기초조사 성과/2018년\용인(보완조사)\2.조사성과4\조사관측수집자료\2.관련논문_,File,1999 경기도 용인시 일대 천부지하수의 수질특성과 NO3-N오염.PDF
"F:/지하수 기초조사 성과/2018년\제주(보완조사)\CD4 조사성과4(조사,관측,수집자료)\02 관련논문",File,제주도 동ㆍ서부지역의 지하수 수질특성과 표고별 및 계절별 수질변화 양상에 관한 연구.pdf
"F:/지하수 기초조사 성과/2018년\제주(보완조사)\CD4 조사성과4(조사,관측,수집자료)\02 관련논문",File,제주도 서귀포 하논 화산의 지형ㆍ지질학적 특성과 형성과정.pdf
"F:/지하수 기초조사 성과/2018년\제주(보완조사)\CD4 조사성과4(조사,관측,수집자료)\02 관련논문",File,제주도 서귀포 하논 화산체 및 화구호 퇴적층의 지질학적 특성과 형성 과정.pdf
"F:/지하수 기초조사 성과/2018년\제주(보완조사)\CD4 조사성과4(조사,관측,수집자료)\02 관련논문",File,제주도 해안에서 해저지하수의 유출에 의한 환경화학적 특성과 유출량 측정.pdf
"F:/지하수 기초조사 성과/2019년\금산\조사,관측,수집자료\18측량성과",File,11.1_측량성과표(금산지역).pdf
F:/지하수 기초조사 성과/2019년\금산\현장사진첩\15 측량성과,File,11.1_측량성과표(금산지역).pdf
F:/지하수 기초조사 성과/2019년\남양주구리\조사성과1\보고서\3.자료편,File,부2_17 13장 측량 성과품.hwp
F:/지하수 기초조사 성과/2019년\남양주구리\조사성과4-2\조사관측수집자료\자료\17.측량,File,측량 성과표.hwp
F:/지하수 기초조사 성과/2019년\수원\CD1_조사성과1(Part1)\보고서\01 본보고서\수록도면,File,조사성과제출기준_수원_본보고서.xlsx
F:/지하수 기초조사 성과/2019년\수원\CD1_조사성과1(Part1)\보고서\한글파일\3. 부록Ⅱ 자료편\10. 자문 및 평가 의견서,File,부Ⅱ자료편_10-3-0 성과평가 의견.hwp
F:/지하수 기초조사 성과/2019년\수원\CD1_조사성과1(Part1)\보고서\한글파일\3. 부록Ⅱ 자료편\10. 자문 및 평가 의견서,File,부Ⅱ자료편_10-3-1 성과평가 의견.pdf
F:/지하수 기초조사 성과/2019년\수원\CD1_조사성과1(Part1)\보고서\한글파일\3. 부록Ⅱ 자료편\10. 자문 및 평가 의견서,File,부Ⅱ자료편_10-4-0 성과평가 조치 결과.hwp
F:/지하수 기초조사 성과/2019년\수원\CD1_조사성과1(Part1)\보고서\한글파일\3. 부록Ⅱ 자료편\10. 자문 및 평가 의견서,File,부Ⅱ자료편_10-4-1 성과평가 조치 결과.hwp
F:/지하수 기초조사 성과/2019년\수원\CD1_조사성과1(Part1)\보고서\한글파일\3. 부록Ⅱ 자료편\10. 자문 및 평가 의견서\pdf,File,부Ⅱ자료편_10-3-0 성과평가 의견.pdf
F:/지하수 기초조사 성과/2019년\수원\CD1_조사성과1(Part1)\보고서\한글파일\3. 부록Ⅱ 자료편\10. 자문 및 평가 의견서\pdf,File,부Ⅱ자료편_10-3-1 성과평가 의견.pdf
F:/지하수 기초조사 성과/2019년\수원\CD1_조사성과1(Part1)\보고서\한글파일\3. 부록Ⅱ 자료편\10. 자문 및 평가 의견서\pdf,File,부Ⅱ자료편_10-4-0 성과평가 조치 결과.pdf
F:/지하수 기초조사 성과/2019년\수원\CD1_조사성과1(Part1)\보고서\한글파일\3. 부록Ⅱ 자료편\10. 자문 및 평가 의견서\pdf,File,부Ⅱ자료편_10-4-1 성과평가 조치 결과.pdf
"F:/지하수 기초조사 성과/2019년\수원\CD4_조사성과4(Part1)\조사,관측,수집자료\01일반현황\10 기타 수집자료\국가법령정보센터\수질오염공정시험기준\수질오염공정시험기준 (20181226)\2. 일반항목",File,ES 04315.1b 화학적산소요구량 - 적정법 - 산성과망간산칼륨법.pdf
"F:/지하수 기초조사 성과/2019년\수원\CD4_조사성과4(Part1)\조사,관측,수집자료\01일반현황\10 기타 수집자료\국가법령정보센터\수질오염공정시험기준\수질오염공정시험기준 (20181226)\2. 일반항목",File,ES 04315.2b 화학적산소요구량 - 적정법 - 알칼리성과망간산칼륨법.pdf
"F:/지하수 기초조사 성과/2019년\수원\CD4_조사성과4(Part2)\조사,관측,수집자료\19자문결과및조치결과서",File,성과평가 의견.pdf
"F:/지하수 기초조사 성과/2019년\수원\CD4_조사성과4(Part2)\조사,관측,수집자료\19자문결과및조치결과서",File,성과평가 조치 결과.hwp
F:/지하수 기초조사 성과/2019년\수원\조사성과4-3\현장사진첩\15.측량성과\목록화일,File,측량성과.xlsx
F:/지하수 기초조사 성과/2019년\수원\조사성과4-3\현장사진첩\15.측량성과\지점별 사진\측량성과,File,부2_17 13장 측량 성과품_1029.hwp
F:/지하수 기초조사 성과/2019년\청송\01_조사성과1\보고서\03_부록Ⅱ(자료편)\보고서\PDF,File,부록Ⅱ자료편_11 측량 성과.pdf
F:/지하수 기초조사 성과/2019년\청송\01_조사성과1\보고서\03_부록Ⅱ(자료편)\보고서\한글,File,부록Ⅱ자료편_11 측량 성과.hwp
F:/지하수 기초조사 성과/2019년\청송\04_조사성과4\조사관측수집자료\18측량성과,File,청송_측량성과.pdf
F:/지하수 기초조사 성과/2019년\청송\04_조사성과4\조사관측수집자료\18측량성과,File,측량성과.xlsx
F:/지하수 기초조사 성과/2019년\청송\05_조사성과5\현장사진첩\현장사진모음\15.측량성과,File,측량 성과 결과.pdf
F:/지하수 기초조사 성과/2019년\청송\05_조사성과5\현장사진첩\현장사진모음\15.측량성과,File,측량성과.xlsx
F:/지하수 기초조사 성과/2019년\청양\보고서\02 조사편\수록도면\4장 세부수리지질조사\4-14 지표수 유량측정 결과(OO),File,그림 4-8 지표수 유량관측 성과_a) CYRF-1.jpg
F:/지하수 기초조사 성과/2019년\청양\보고서\02 조사편\수록도면\4장 세부수리지질조사\4-14 지표수 유량측정 결과(OO),File,그림 4-8 지표수 유량관측 성과_b) CYRF-2.jpg
F:/지하수 기초조사 성과/2019년\청양\보고서\02 조사편\수록도면\4장 세부수리지질조사\4-14 지표수 유량측정 결과(OO),File,그림 4-8 지표수 유량관측 성과_c) CYRF-3.jpg
F:/지하수 기초조사 성과/2019년\청양\보고서\02 조사편\수록도면\4장 세부수리지질조사\4-14 지표수 유량측정 결과(OO),File,그림 4-8 지표수 유량관측 성과_d) CYRF-4.jpg
F:/지하수 기초조사 성과/2019년\청양\보고서\한글파일\3.자료편,File,11_부록Ⅱ자료편_00 측량성과.hwp
F:/지하수 기초조사 성과/2019년\청양\보고서\한글파일\3.자료편,File,12_부록Ⅱ자료편_02 성과평가 조치결과.hwp
F:/지하수 기초조사 성과/2019년\청양\보고서\한글파일\3.자료편\Excel,File,11_부록Ⅱ자료편_01-1 측량성과.xlsx
F:/지하수 기초조사 성과/2019년\통영거제,File,190916_조사성과제출기준(통영거제).xls
F:/지하수 기초조사 성과/2019년\통영거제,File,190916_조사성과제출기준-양식.xls
F:/지하수 기초조사 성과/2019년\통영거제\조사성과 4\18.측량성과,File,측량성과 일체.pdf
F:/지하수 기초조사 성과/2020년\양구\CD1_조사성과1\보고서\03 자료편\11측량성과,File,11.1_측량성과표(양구).hwp
"F:/지하수 기초조사 성과/2020년\양구\CD4_조사성과4\조사,관측,수집자료\18측량성과",File,11.1_측량성과표(양구).hwp
F:/지하수 기초조사 성과/2020년\양구\CD5_조사성과5\현장사진첩\15 측량성과,File,11.1_측량성과표(양구).hwp
F:/지하수 기초조사 성과/2020년\진주\01_조사성과1\보고서\03_부록Ⅱ(자료편)\보고서\PDF,File,부록Ⅱ자료편_10 측량 성과.pdf
F:/지하수 기초조사 성과/2020년\진주\01_조사성과1\보고서\03_부록Ⅱ(자료편)\보고서\PDF,File,부록Ⅱ자료편_10 측량 성과2.pdf
F:/지하수 기초조사 성과/2020년\진주\01_조사성과1\보고서\03_부록Ⅱ(자료편)\보고서\한글,File,부록Ⅱ자료편_10 측량 성과.hwp
F:/지하수 기초조사 성과/2020년\진주\01_조사성과1\보고서\03_부록Ⅱ(자료편)\보고서\한글,File,부록Ⅱ자료편_10 측량 성과2.hwp
F:/지하수 기초조사 성과/2020년\진주\04_조사성과4\조사관측수집자료\17측량성과,File,진주_측량성과.pdf
F:/지하수 기초조사 성과/2020년\진주\05_조사성과5\현장사진첩\현장사진모음\15.측량성과,File,측량성과.xlsx
F:/지하수 기초조사 성과/2020년\창원(보완)\01_조사성과1\보고서\01_본보고서\보고서\PDF,File,본08_ch8 지하수기초조사성과비교.pdf
F:/지하수 기초조사 성과/2020년\창원(보완)\01_조사성과1\보고서\01_본보고서\보고서\한글,File,본08_ch8 지하수기초조사성과비교.hwp
F:/지하수 기초조사 성과/2020년\창원(보완)\01_조사성과1\보고서\02_부록Ⅰ(조사편)\보고서\PDF,File,08_ch8 지하수기초조사성과비교.pdf
F:/지하수 기초조사 성과/2020년\창원(보완)\01_조사성과1\보고서\02_부록Ⅰ(조사편)\보고서\한글,File,08_ch8 지하수기초조사성과비교.hwp
F:/지하수 기초조사 성과/2021년\단양\조사성과1\보고서\3.자료편,File,부2_16 12장 측량 성과품_1203.hwp
F:/지하수 기초조사 성과/2021년\단양\조사성과4\조사관측수집자료\17.측량,File,측량성과표(단양지하수기초조사).hwp
F:/지하수 기초조사 성과/2021년\단양\조사성과4\조사관측수집자료\17.측량,File,측량성과표(단양지하수기초조사).pdf
F:/지하수 기초조사 성과/2021년\단양\조사성과4\조사관측수집자료\19.자문,File,211130_2021년 통합 지하수 성과평가 결과알림_유역본부 (1).hwp
F:/지하수 기초조사 성과/2021년\단양\조사성과4\현장사진첩\15.측량성과,File,측량성과표(단양지하수기초조사).hwp
F:/지하수 기초조사 성과/2021년\양양,File,조사성과제출기준_양양.xlsx
F:/지하수 기초조사 성과/2021년\양양\CD1_조사성과1\보고서\03 자료편\11측량성과,File,11.1_측량성과표(양구).hwp
"F:/지하수 기초조사 성과/2021년\양양\CD4_조사성과4\조사,관측,수집자료\16측량성과",File,측량성과표(양양지역 지하수기초조사).hwp
F:/지하수 기초조사 성과/2021년\양양\CD5_조사성과5\현장사진첩\15 측량성과,File,4.5.측량성과표.hwp
F:/지하수 기초조사 성과/2021년\영주,File,기초조사_조사성과제출기준 - 영주(최종).xlsx
F:/지하수 기초조사 성과/2021년\영주\01. 조사성과1\보고서\3.부록Ⅱ(자료편)\보고서\PDF,File,11. 부록2(자료편)_12장_측량성과품.pdf
F:/지하수 기초조사 성과/2021년\영주\01. 조사성과1\보고서\3.부록Ⅱ(자료편)\보고서\한글,File,11. 부록2(자료편)_12장_측량성과품.hwp
F:/지하수 기초조사 성과/2021년\하동,File,조사성과제출기준_하동.xlsx
F:/지하수 기초조사 성과/2021년\하동\CD1_조사성과1\보고서\03 자료편\11측량성과,File,11.1_측량성과표(하동).hwp
"F:/지하수 기초조사 성과/2021년\하동\CD4_조사성과4\조사,관측,수집자료\16측량성과",File,측량성과표(하동지역 통합지하수기초조사).hwp
F:/지하수 기초조사 성과/2021년\하동\CD5_조사성과5\현장사진첩\15 측량성과,File,측량성과 사진첩(하동지역).hwp
F:/지하수 기초조사 성과/2021년\함평(보완)\CD1_조사성과1\보고서\01 본보고서,File,본보고서_ch9보완조사성과비교.hwp
F:/지하수 기초조사 성과/2021년\함평(보완)\CD1_조사성과1\보고서\02 조사편,File,부록(조사편)_ch9_보완조사성과비교.hwp
F:/지하수 기초조사 성과/2021년\화순\1.조사성과1\보고서\3.자료편,File,화순부록II_10장 측량 성과품.hwp
F:/지하수 기초조사 성과/2021년\화순\1.조사성과1\보고서\3.자료편\PDF,File,화순부록II_10장 측량 성과품.pdf
F:/지하수 기초조사 성과/2022년\연천\1. 보고서\3. 자료편\PDF,File,부록Ⅱ자료편_10 측량 성과.pdf
F:/지하수 기초조사 성과/2022년\연천\1. 보고서\3. 자료편\한글,File,부록Ⅱ자료편_10 측량 성과.hwp
F:/지하수 기초조사 성과/2022년\연천\4. 수집자료\17. 측량성과,File,측량성과.pdf
F:/지하수 기초조사 성과/2022년\연천\5. 현장사진첩\15. 측량성과,File,측량성과.xlsx
F:/지하수 기초조사 성과/2022년\임실(보완)\조사성과1\보고서\3.자료편,File,부2_17 11장 측량 성과품.hwp
F:/지하수 기초조사 성과/2022년\임실(보완)\조사성과4\조사관측수집자료\11.측량,File,측량성과표(임실지하수기초조사).hwp
F:/지하수 기초조사 성과/2022년\임실(보완)\조사성과4\조사관측수집자료\11.측량,File,측량성과표(임실지하수기초조사).pdf
F:/지하수 기초조사 성과/2022년\임실(보완)\조사성과4\현장사진첩\10.측량성과,File,측량성과표(임실지하수기초조사).hwp
F:/지하수 기초조사 성과/2022년\임실(보완)\조사성과4\현장사진첩\10.측량성과,File,측량성과표(임실지하수기초조사).pdf
F:/지하수 기초조사 성과/2022년\장수\CD1_조사성과1(Part1)\보고서\3. 자료편\1. HWP,File,11_부록Ⅱ_11. 측량성과.hwp
F:/지하수 기초조사 성과/2022년\장수\CD4_조사성과4(Part1)\조사관측수집자료\17. 측량_완,File,측량성과표_장수지역 통합 지하수 기초조사.xlsx
F:/지하수 기초조사 성과/2022년\장수\CD4_조사성과4(Part1)\조사관측수집자료\19. 자문_완,File,성과평가자문_평가위원A.pdf
F:/지하수 기초조사 성과/2022년\장수\CD4_조사성과4(Part1)\조사관측수집자료\19. 자문_완,File,성과평가자문_평가위원B.pdf
F:/지하수 기초조사 성과/2022년\장수\CD4_조사성과4(Part1)\조사관측수집자료\19. 자문_완,File,성과평가자문_평가위원C.pdf
F:/지하수 기초조사 성과/2022년\장수\CD4_조사성과4(Part1)\조사관측수집자료\2. 관련논문\3. 수집자료,File,"양수시험(국내연구성과, 적용 및 제언)_이진용등_2014.pdf"
F:/지하수 기초조사 성과/2022년\장수\CD4_조사성과4(Part2)\현장사진첩\15 측량성과,File,측량성과표_장수지역 통합 지하수 기초조사.xlsx
F:/지하수 기초조사 성과/2022년\장흥\03. 수집자료\02. 관련논문,File,03. 수문해석을 위한 토양수리특성과 토양전자지도의 활용(2007).pdf
F:/지하수 기초조사 성과/2022년\합천\4.수집자료\18.측량성과,File,측량성과보고서.xlsx
F:/지하수 기초조사 성과/2022년\합천\5.현장사진첩\15.측량성과,File,측량성과.pdf
F:/지하수 기초조사 성과/2022년\합천\5.현장사진첩\15.측량성과,File,측량성과보고서.xlsx
F:/지하수 기초조사 성과/2023년\1. 가평\01 조사성과1\보고서\3.자료편\04 Chaper별 보고서,File,10-1. 측량성과표.hwp
F:/지하수 기초조사 성과/2023년\1. 가평\01 조사성과1\보고서\3.자료편\04 Chaper별 보고서,File,12-1. 성과검증(1차)_김강주.pdf
F:/지하수 기초조사 성과/2023년\1. 가평\01 조사성과1\보고서\3.자료편\04 Chaper별 보고서,File,12-1. 성과검증(1차)_여인욱.pdf
F:/지하수 기초조사 성과/2023년\1. 가평\01 조사성과1\보고서\3.자료편\04 Chaper별 보고서,File,12-1. 성과검증(1차)_조치결과서(1).hwp
F:/지하수 기초조사 성과/2023년\1. 가평\01 조사성과1\보고서\3.자료편\04 Chaper별 보고서,File,12-1. 성과검증(1차)_조치결과서(2).hwp
F:/지하수 기초조사 성과/2023년\1. 가평\01 조사성과1\보고서\3.자료편\04 Chaper별 보고서,File,12-3. 성과검증(2차)_구민호.pdf
F:/지하수 기초조사 성과/2023년\1. 가평\01 조사성과1\보고서\3.자료편\04 Chaper별 보고서,File,12-3. 성과검증(2차)_이주헌.pdf
F:/지하수 기초조사 성과/2023년\1. 가평\01 조사성과1\보고서\3.자료편\04 Chaper별 보고서,File,12-3. 성과검증(2차)_정희원.pdf
F:/지하수 기초조사 성과/2023년\1. 가평\01 조사성과1\보고서\3.자료편\04 Chaper별 보고서,File,12-3. 성과검증(2차)_조치결과서(1).pdf
F:/지하수 기초조사 성과/2023년\1. 가평\01 조사성과1\보고서\3.자료편\04 Chaper별 보고서,File,12-3. 성과검증(2차)_조치결과서(2).pdf
F:/지하수 기초조사 성과/2023년\1. 가평\04 조사성과4\1.조사_관측_수집자료\17. 측량성과,File,측량성과.hwp
F:/지하수 기초조사 성과/2023년\1. 가평\04 조사성과4\1.조사_관측_수집자료\18. 자문결과 및 조치결과서,File,성과검증(1차)_김강주.pdf
F:/지하수 기초조사 성과/2023년\1. 가평\04 조사성과4\1.조사_관측_수집자료\18. 자문결과 및 조치결과서,File,성과검증(1차)_여인욱.pdf
F:/지하수 기초조사 성과/2023년\1. 가평\04 조사성과4\1.조사_관측_수집자료\18. 자문결과 및 조치결과서,File,성과검증(1차)_조치결과서(1).hwp
F:/지하수 기초조사 성과/2023년\1. 가평\04 조사성과4\1.조사_관측_수집자료\18. 자문결과 및 조치결과서,File,성과검증(1차)_조치결과서(2).hwp
F:/지하수 기초조사 성과/2023년\1. 가평\04 조사성과4\1.조사_관측_수집자료\18. 자문결과 및 조치결과서,File,성과검증(2차)_구민호.pdf
F:/지하수 기초조사 성과/2023년\1. 가평\04 조사성과4\1.조사_관측_수집자료\18. 자문결과 및 조치결과서,File,성과검증(2차)_이주헌.pdf
F:/지하수 기초조사 성과/2023년\1. 가평\04 조사성과4\1.조사_관측_수집자료\18. 자문결과 및 조치결과서,File,성과검증(2차)_정희원.pdf
F:/지하수 기초조사 성과/2023년\1. 가평\04 조사성과4\1.조사_관측_수집자료\18. 자문결과 및 조치결과서,File,성과검증(2차)_조치결과서(1).pdf
F:/지하수 기초조사 성과/2023년\1. 가평\04 조사성과4\1.조사_관측_수집자료\18. 자문결과 및 조치결과서,File,성과검증(2차)_조치결과서(2).pdf
F:/지하수 기초조사 성과/2023년\1. 가평\04 조사성과4\2.현장사진첩\15. 측량성과,File,측량성과.hwp
F:/지하수 기초조사 성과/2023년\2. 화천\보고서\부록2\11. 측량,File,화천_부2_11_2. 측량 성과.hwp
F:/지하수 기초조사 성과/2023년\2. 화천\보고서\부록2\11. 측량,File,화천_부2_11_2. 측량 성과.pdf
F:/지하수 기초조사 성과/2023년\2. 화천\조사성과1\보고서\3. 자료편\11. 측량,File,화천_부2_11_2. 측량 성과.hwp
F:/지하수 기초조사 성과/2023년\2. 화천\조사성과1\보고서\3. 자료편\11. 측량,File,화천_부2_11_2. 측량 성과.pdf
F:/지하수 기초조사 성과/2023년\2. 화천\조사성과4\조사관측수집자료\17. 측량,File,화천기초조사 측량성과표.hwp
"F:/지하수 기초조사 성과/2023년\3. 진안\진안지역 통합 지하수 기초조사 보고서(240320)_조사편, 지하수지도\자료편\Chaper별 보고서\10. 기술자문 검토서\10-1. 성과검증(1차)",File,성과 검증표_김강주.pdf
"F:/지하수 기초조사 성과/2023년\3. 진안\진안지역 통합 지하수 기초조사 보고서(240320)_조사편, 지하수지도\자료편\Chaper별 보고서\10. 기술자문 검토서\10-1. 성과검증(1차)",File,성과 검증표_박유철.pdf
"F:/지하수 기초조사 성과/2023년\3. 진안\진안지역 통합 지하수 기초조사 보고서(240320)_조사편, 지하수지도\자료편\Chaper별 보고서\10. 기술자문 검토서\10-1. 성과검증(1차)",File,성과 검증표_여인욱.pdf
"F:/지하수 기초조사 성과/2023년\3. 진안\진안지역 통합 지하수 기초조사 보고서(240320)_조사편, 지하수지도\자료편\Chaper별 보고서\10. 기술자문 검토서\10-1. 성과검증(1차)",File,성과 검증표_이충모.pdf
"F:/지하수 기초조사 성과/2023년\3. 진안\진안지역 통합 지하수 기초조사 보고서(240320)_조사편, 지하수지도\자료편\Chaper별 보고서\10. 기술자문 검토서\10-1. 성과검증(1차)",File,성과 검증표_한원식.pdf
"F:/지하수 기초조사 성과/2023년\3. 진안\진안지역 통합 지하수 기초조사 보고서(240320)_조사편, 지하수지도\자료편\Chaper별 보고서\10. 기술자문 검토서\10-1. 성과검증(1차)",File,성과검증회의[1차] 조치결과.hwp
"F:/지하수 기초조사 성과/2023년\3. 진안\진안지역 통합 지하수 기초조사 보고서(240320)_조사편, 지하수지도\자료편\Chaper별 보고서\10. 기술자문 검토서\10-1. 성과검증(1차)",File,성과검증회의[1차] 조치결과.pdf
F:/지하수 기초조사 성과/2023년\4. 진도\3. 분석성과 및 수집자료 CD\1도형데이타\2. 일반도면\2. 도곽_경위도,File,성과품에 수록되지 않음.txt
F:/지하수 기초조사 성과/2023년\5. 봉화\01_조사성과1\보고서\03_부록Ⅱ(자료편)\보고서\PDF,File,10 측량 성과.pdf
F:/지하수 기초조사 성과/2023년\5. 봉화\01_조사성과1\보고서\03_부록Ⅱ(자료편)\보고서\한글,File,부록Ⅱ자료편_10 측량 성과.hwp
F:/지하수 기초조사 성과/지침,File,성과데이터입력양식.zip
